review_id,sentiment_score,stars
t-8mpC0ryIc-cdnwoF8Hsw,0.92,5
rjnyXstBa7SUtlfrf-moyA,-0.78,1
h46h5_2USejVTkfM3byl7g,0.73,5
jQHWfUlgObQRh40PUDYU_w,0.81,4
_YFKHUDdzhgMhKS0m7oDSw,-0.88,1
vhSip9Ph1CXcblSYno-WSQ,-0.85,1
8VMYtsXwvJBbZyblhG2vaQ,-0.92,1
VeirSaiYPBiUiPqSARXLjg,0.79,5
3goSOvzcDl2mSt-VBtr8qQ,-0.9,1
No1v2TNXh6Xqh2jB3LtPHw,0.75,5
TAeKE5Pk6QQUzYr6X2a-Qw,0.8,5
rbXZqzQQ-XSh4eymh6uJHg,0.8,5
3vemS2gvS8-K725uiy07Tw,0.7,5
wRHzNtxVkFNN3lGd_-fFSw,-0.8,2
zbXLSA9Q2tbqj7XjezSgPw,-0.7,1
VQPcBnLz9rcZu21ojUG6Xg,0.8,5
ZlgV6ii3s3zfVA3zypQhZg,-0.8,1
BmiJQtpvEZt1opVn2d5o2g,-0.9,1
grdyNnpXXLVdg7qEdeO77g,0.6,4
euDs0rBA_m3WzQcbYu8pBA,0.7,4
xSViGchkd4HxsI5FH3FX7A,-0.4,4
iZsb5oo4QmHGJlH43O6fxg,0.8,5
Nc7ZnzIJs2982pTPXLR8fw,0.9,5
ypEZOALGvQBqtwKQNOBSlw,0.85,5
QJ-7jyZKj4Zw_GR-R0IvrQ,0.6,4
s1EjO-QhSgKnlnjDdOI25g,0.7,5
3Pql6t6sF0I-aGNGLa8LgQ,0.7,5
lzbBTVhH_yjhhoMjmA9d4A,-0.8,1
wldWclu3Dm_aScDXaKkN0A,0.9,5
ljWJ13-tfH0J8VxasxSfGg,0.6,4
I6bhszbD-aPbSdd88VPf_A,0.0,5
UHRouHBxjdL9_vRE452aOQ,0.9,5
jo0Dv6XtK6h81jIxrxWV8w,0.85,5
2Y4bCyURdWJswn9X0tPTdg,0.7,5
Ka_ERhEOc0xJUpkcrYwkEw,0.8,5
GnNFeuLBfaTgW1ttFX20lw,0.75,5
zH-SEFwbTuJESYoGiNq4Mw,0.85,5
0mGZk8GbVwazdCaf9Fl8rQ,0.9,5
qVYqL-69jjhLIDQ_E4GsUw,-0.8,1
EECnKqOZwgb0YCZZIumDAw,0.8,5
lOiIDa414fAgULXW7uTLCA,0.8,5
yAhTlL2iDiGdvt8QPk4LLA,-0.6,2
gwbZISfCY8aenXe8mvFOiQ,-0.8,1
kNx74DAyP4huBdrxnEEr9Q,0.0,3
2T-x1AkiCMkUrGu_J-5rWA,0.1,3
TzqCODk5SNKYBI-hCqw06A,-0.7,1
dHXpUaAHHPylpfEGsUgIgA,0.7,5
t2bkrC1KgdPkp0qQ62TxjQ,0.0,4
CmhdlTSkkJuSzSUyMhY0EQ,0.8,5
PHPbpYNhzBRGD7CpJwQm3g,-0.3,3
ijUZeqHTgz_iis59L8q7HQ,-0.8,3
oFpKtjmoMAmHpyU6MdNKzQ,-0.9,2
oWqvJCsYEHZT11yhnwqF2g,0.8,5
d9neXdEzE9S6VhlCjI6NSQ,0.7,5
XaOBMuBobDUm3po81-vRWQ,0.9,5
URiOcjm-5v-uxw3M4gnOeg,0.6,5
B7vNbmXDh42K6EqdB85hqg,0.85,5
5m9xK5jmV-2oj0JrqjOxIw,0.8,5
gsQZfCjLxHOdWnvaIYVY7w,0.9,5
IxAZtKSNasVU1X5TAMPu3Q,-0.7,2
sgiQmAsjuKWgLEkPx2lTHg,-0.3,3
vbXTXVrfQ-cew4m15l7IAQ,-0.9,1
zbINfe_qLaYlqm_IZHm2Jg,-0.8,1
-A2KYbJuX33VB_84YfhMUg,-0.7,1
JJJXMUpW4Vw2puzEvkLFng,-0.9,1
7Z-3a-hQ0xInDjSMxg22Zg,-0.6,1
k2woW1lVPb6CDsD35Ss6Pg,0.0,5
7VFhmY8UgDiNdV0gzN3Uuw,0.8,5
YavZiDYgViBD1I24sKqGYQ,0.7,5
LuetR_-A_4ZzxaIhmV1tMQ,0.0,2
cxLGYf5bPU-wsDG5LBUVeg,0.95,5
rMOr81aMr8a_5_TM-KUj0g,0.8,2
LZKHm5pi-DtgouDtrIzAfQ,0.85,5
klYmupNXs5W_dF8GxEMJ-A,0.7,5
96jR1ta5P2B9dK621XuNKA,-0.9,1
3Adi-tfRA-pFTeo8A8IqBg,-0.8,1
EpW_RasCAWOnBaOH4zxVTA,0.9,5
Su1fSP9FSJMyksHXFlCC6w,0.8,4
PGumxbw8Y66uDq73iXF5hQ,0.0,4
Uw5-RSfKTIj5f4CWgigmDw,0.8,5
rTblbtOokTy6XVq79rDgBg,0.8,5
AhLLvNWimvzPRyRB2zfv3g,-0.7,2
pXM88P8T7FXe4XGEPJbq1Q,-0.8,2
q_B888y743XMWFLRVtn5Yw,0.8,5
UHtOcW0GOu0iBPpcPyLlxQ,0.9,5
Tg5qsrsyueL0eHkZft9Q8Q,0.6,4
wJdkklC8vR89CAtyjjdmjg,-0.8,1
1JiTDsSUV7OD3RxKyZHC3Q,0.7,4
IWjSZC0MLEF3gnZEUTnLcg,0.6,5
mEAubZQKbmIL0Zjmw8Z_rQ,0.8,4
KRhiZZSCqT56-FajfmBzcA,0.6,4
tGRawDgqpt58KUhMk11s6Q,-0.8,2
ixuFWi5Sxr_FvQx0r8G_sg,0.7,5
x9OSrrO9eLQGBI_AhHj-8A,-0.9,1
0SR4WeJ0VfApFAqM0WTycw,0.95,5
yxwP78EWhtPI0fOIHWtIxg,0.8,5
kR9Dh40H_0JDB9uOzbEqTA,0.85,5
4H1qoXel_GoM9o4KXW6ylA,0.9,5
rqeyP7imVNL4V14AKWiqOQ,0.8,4
ElrtamTGoMuf-4qwCT4CXg,0.85,4
DnGwzbqK8tq6IkqgjZnNJQ,0.8,5
Jey6CvWrOuDA7P2bX1sTPg,0.9,5
l_RP-sQE81LceUaUtwH58Q,-0.4,3
NImmdMzmuIThkaVEVhMP5Q,-0.8,1
ioN38VkjY160j8EZ_AzwKA,-0.5,1
IF6J8ajv-hHUJ3GSSqOspA,-0.1,4
q6LKw7u9UiDFC7BzIXrYGg,0.9,5
CLHqnvgkhZrSogxWDsQ9Pw,0.8,5
bo_DAyk6P9cJUkLb0KM_CA,0.7,5
k137ISpBSRZ-97rCKqAUAw,0.95,5
C_hBstbMUp1oB2Iei-AJ7w,-0.3,4
DAqi9f1xSxE_wpXZeTYuUg,0.7,5
5x0vdiDfw9H71AWWmP3L7w,0.8,5
xsG7m_7nrglV-oqPMz0pEw,0.6,4
njlKLt45ikoV86sddpZXog,0.7,5
yQKht-WENESfKzBQVivJ6w,0.9,5
cG6qCYWVLCvv-Mp_cs5xaw,0.3,3
au2t9nLlGLxu_LS9vwogKA,-0.8,2
eyOzRti4NeAyxSfU0yDHVw,0.85,5
6cKP_DqmeTK63xoYhz816w,0.9,5
-_zOkGxdL4tUdktOjtQrMg,0.8,5
swvhn-93CzPNzejHRvaNCA,-0.6,2
7i8J_bYFqz1Nppi0EwfLuQ,0.7,4
PnzzzCGau1_Y8MqtRh_3Dg,0.75,5
QGK9SjVpRIVmyE5xjC-URQ,0.85,5
Mem2t5f-7wZ862yD6QUfWw,0.9,5
qPSGZFwM37fX__RKscee8g,0.85,5
4f2anyN4WX0423fumGWPcg,0.8,5
zFFw85lJaag3kQPpj8QRQQ,0.88,5
EEu23zTTjqhuO55kpe_dnA,0.92,5
KlIa3He9NuJChymQ2tqyjg,0.8,4
XnlESGPTrou7iXuswiDc0g,0.6,5
3NxrhkBxhj8gos9RI1JxlA,-0.9,1
a9WcJUvsxgElHVZ2zmBxzQ,0.7,5
P2igkMiHIY48qG8FO0UCEQ,-0.8,1
cyc7tasuOj4bwpgJbdX9uw,0.9,5
Znj6d7nTqLzN1aP6J4xCXw,0.0,5
MQ6E7jv6ift0LuxWlC3wEA,0.85,5
GxPf3bhVpEIqGHiR6fKG3w,0.9,4
1lSTzbySQI7YrK19n0Xjcw,0.88,5
kg-6z6YhLt12n23qDtMtDg,-0.8,1
4OqLZ8JI_-YMQ1J8adBikg,-0.6,2
6xtTpe0etWZ4I3QCDUuztw,0.9,5
6opxgMohlcX7nTCLtGo85g,0.8,5
u0FlWj1RvrV6tnKd6C3GVw,0.85,5
G0OJ12oiDkw_D2G-2tiwiQ,-0.8,1
HzVL7xK1_-clbb_RO66-UA,0.85,4
_2rQG9fZc9tz-fexcuf5tA,0.9,5
zribwHqfZ1I5Fkw2aWnGuw,-0.3,3
KpHbGCzqm37JfBYMt2xgjA,0.7,5
TCjGamJOanqoGlD-bu4DWg,-0.9,1
VC4lV1Xz3KF2g4DuJkpDeQ,-0.85,1
jsIUoBJhsis9aBogzVz0fg,-0.8,1
IIWMO1pfAei3c-Mo8I-RFA,0.0,3
8zJRhmNlypbNmY5iviOTfQ,-0.9,1
-QnfLyoKiTnlNd7tDkgsZQ,-0.6,3
MeOYaCb-M9kQPIiP9fNQZA,-0.7,1
35DDmig4gAB7-9IEb-_dkg,-0.6,1
mr0ZYFbY7AHCkUtv6E8vjg,-0.8,2
Gjll6CaHCdGS9reSu_-0nw,-0.9,1
gKl-fJEkxO18OsDEoe_BxQ,0.8,5
_2RF4pBk96MX1m6esM7eoQ,-0.7,1
j6NmmRU4tij4Vsb4pyQHpw,0.7,5
0kICicK4mp8DbYB5IPSbug,0.5,4
7dPYYXAXylizZGzGDDXEnQ,0.9,5
DEecNGcMckOwgSIO-fjDyQ,0.9,5
L8x0F0hVbbpSZ65qYxTRfw,0.85,5
phRWedq1TzocG2KfLXu8cw,0.8,5
331AwDVvfapAMU49I1vFng,0.75,5
xO86DghztJr6HBWFyGWfmQ,0.8,5
QwxTfRo8uzy2iSeb4tSelw,0.8,4
IoiqOUFUpB3AUMMfQ8QFsg,-0.4,3
xnPYsccJEyz0_O9ipIKzlA,0.75,5
EYZ3AyQ3gO92WuNiB7e7Tw,0.85,5
q4Ib60lC4qweI1q8wW0VTQ,0.8,5
_ajX7GORm4Ur2lIzSfHasw,-0.6,3
H-yxoSNv-ARJoOXoONBTyA,0.8,5
lHIOzSAryaDOXPJ9i89ChA,0.9,5
oF4ahgxVs8RqTYLg6zGMCA,0.85,5
S-U4WdO71AD8oBnKnyntxA,0.7,5
3-4xiZOWYk4dFbbSdrZrLw,-0.8,2
kFB9dxGT5KnFRNsC30YT3g,0.0,4
OoIayMEuh0v5izRQXdiolw,0.6,4
NIaxueQP2GIyrKZ1_wAGMA,0.8,5
P5WEKmBOBQKZFqvlw_BS2Q,0.9,5
lzB9GLRBZyO6qCCce-S_aw,0.8,5
Y-4VdrkuHvSRmjeOxd-Jng,-0.9,1
jRdBwJ8XsXJj5Yc6Uli0RA,-0.6,1
Spg63NyFMRgVt8iNjbvvxQ,0.9,5
54VA_j6L2IhLbo7VPajTgg,-0.8,2
64hJz1AfuB8rOy_VfW6ZvQ,0.9,5
yvAJMyI9_6jkxl9jDIqn7w,0.0,3
XVyxnom01yLCzMCjp2TPSA,0.8,5
7wsW_nj1f0UZEfH3lvhnFw,0.85,5
AIlJU-pQ9mcOb-reKoUIsw,0.0,5
choa3mquLEAiat1Z6QZxJA,0.9,5
uk_cIKHPRogB4lOdTy_Ytw,0.8,5
9PSA4ewl6pYAWRTn7e1FfA,0.85,5
EPn2LqyF36Puz_lLnpCi9Q,-0.6,1
OCmncGmbBfx0pb4Qrww-Mg,0.9,5
6jDqKQwP4ISy1LhhjFVTaQ,-0.8,1
1LhEwmfGJ9gbjrEMNsNmkw,0.9,5
GceRtm4zwpF_PuHd_yjzPA,-0.6,3
4jUheibPV_RtVnfaNCT8UQ,0.8,5
AR626vDztj42_8IlrpKXnQ,0.5,3
u4ZBMDyZGu4DopdOWrE3DA,-0.6,3
96sK94cnid7Me8wTUjUY3g,0.0,5
f0WELE1Lh-XQv0U8ES_aSg,-0.7,4
VE9gvahOChLO2wZG3ytmTg,-0.4,2
aUMgOWFRuBodAZc7_vwGxQ,0.8,5
vp5397k5XkJxS_Kbr97Fsg,0.9,5
RciJzgF_yf2o4mXEkmn-rw,0.8,5
zGGg0HQWEGRrC7JlYN5W1w,0.85,5
nO9348MYbPJFNNCptKIxQw,0.88,5
vz-LbXWE2XYajbH8aelMhw,0.86,5
A6cMYLlZdZ5hTnv7Rk9NkQ,0.8,5
wDsr3dJHzbQtHveYT-F8-g,0.9,5
03bqBx7FF8lxOuIfHWXfbg,0.85,5
yn8JPICCnpJLGsx1lGSKjg,0.0,3
J_uti7dHG-aYWy1KfbgCXQ,0.6,4
1qML3z5puBx-HqdX6eLmcg,-0.9,1
cJqBVZBEX0Ya1J0WPfWiKA,-0.4,2
kM1EL7mXKmAv8u-ts4E9Qw,-0.6,1
vmINlqNQ2MCVztK-0_h-7g,0.8,4
-hfcybfWPoLlKJDmBpC5cA,0.9,5
SpqIOYIxF83LVTzrpTJufQ,0.9,5
4vGn5RClQg1VA9mdw_3-Vg,0.85,5
qsmxc1HVw1Pr5OWuIDluIw,0.88,5
heLMzMj-um1GI4E6D_8sIQ,0.8,5
SO4C4yYKnnjR2tzxh6KG4g,0.9,5
SMOSafALI1s6brrrEjK_Xg,0.9,5
PxugaHc5gOgkzUZGql837Q,0.85,5
uZN-mq9AlwWDpyMRtJuzJg,0.8,5
qOsAk2zvHju_y2jcuzuzEg,0.85,5
l9URhVfhJ0GiN3-ooQWhrg,0.9,5
DNlKtyOPm-Uq9sky_7Jxkw,0.9,5
Dkt6l8gyO6qgu2O1-19KHQ,-0.8,1
XNHvOdGfINwxAdiLkUzpqQ,-0.7,1
kyD12NahddSZdmtnT1O7cw,0.8,4
ZyVNcK0a4F-yuipx-naR4A,0.0,1
VfHP1kOOr5nLW1o7S10F2w,-0.8,1
Sz7rhDRYZ6D_5zrNYrbI3A,0.9,5
C7ZVCqR7Hn-cKw_P-Lz9xw,0.7,4
D0c-ijYaBitcCxfJ1b7lNQ,0.8,4
baMyVXVP72Rx6lpfeDhxiQ,-0.6,5
a_jEiijZD8slppcawCsTPw,0.9,5
VKllOCm_4hZlXkscjkRifw,-0.9,1
rR_4svd4A7R8zZFPLPH5Yg,-0.8,1
QRzaXM-toXOaMcrJGb2EOw,-0.85,1
QRIQ2LzcodP4SgR_fl-_oA,-0.7,1
xpNl0aDKqrUfTqAH4vEKcg,-0.9,1
ic4158ZR-RKyJke20HhkBg,-0.85,1
dx2SNYPgStvlptCP6Alckg,0.8,5
9YW1Ow753s_soa5b91Z6AA,0.6,4
AZjB5a0HQrCTYkcOCVjYJg,-0.4,2
eP2qA9Rf8cyikS5KcM1k7w,0.9,5
M1HlCItIZyib4tZZQzqklA,-0.6,2
RJ1y9BzgQSXxLWlid3F1XQ,0.8,5
yptyY2fnQD9d_2Ecezrk9w,-0.8,2
EWn7T2zNPCBS5ef4--KXiA,0.5,4
6-oTUtEIJluglRQmZ0-yQg,0.8,4
SVLLNaMAeUAuWyr8PdxOcA,-0.6,1
cPa0HnMFNwZEBQIkqgfF-w,0.7,4
2cjyRj82VYaPhUhmO4vi3g,0.0,4
lT6Wh032um2EMj4pZPabOQ,-0.7,2
adwLUC3furbYF3ijfGMwQg,-0.9,1
CDhXL4Jt-vNG8ZY88gaFyg,-0.8,1
aUFDOHYOqMMYXg2G_rZA6g,-0.95,1
Owl6kZQ6Tvlb6A3UZQTFMQ,-0.6,2
-E8NaMpvdqcf8Z231Rb5DQ,0.1,4
71s0VWNU0OKp2Ri9RLyY-Q,0.8,4
svICk-d9XsY-Y90rTJqcMQ,0.9,5
oFN7M4EKqtSVlo8tHreNaA,0.85,5
gFomxUVWsPSmet3G-nmV6g,-0.7,1
AJb1DGMBcEG1M9aTAU-i4A,0.6,5
5WsMUjawy2CRGtT4Lbq5dQ,-0.6,2
E20SXbHPcLZ_QxsWnSuozA,0.8,5
zZ2K1tt6fxdwEMJFVN0mYA,0.9,4
q8aTaQLDsqE_voALKmOm6Q,0.85,5
7asPtFAw075CexByG5bPbw,-0.7,1
FMy1vPJGOnNwRApb_cAiFQ,0.8,5
vZTUZDrUNS1eke5WAZx4uQ,-0.7,2
LTfwxiURLqf-fl9UErcE0w,0.8,5
PrcoLKHwsNqq5QN71BfEAw,0.85,4
j0xXeuD8qBvv7hSWu6gtPg,-0.5,5
J3TAuevGwM30ZyWXru1Dbw,-0.7,2
3CAFoi7kY33JyJFDLSD3ZA,0.8,5
_WHeBnP5x6pePC2QJLCMFA,0.85,5
MgOuZvNG-4xaSteVr9RGNA,0.9,5
NVC93H637aNMidyspoUDXQ,0.75,5
DO0iE38j6rLlnQunxm-lxA,-0.8,3
_Njb2k5UtFyB2Vsu3WR4EA,0.8,5
W1IbhDvRr2FlWPR4LVSzmQ,0.9,5
AFrDfz-EBA_i7VELgj_qlw,0.7,5
p_GK6SCMSh9UIhenQ7qCuQ,0.75,5
Blg0GY2J3NqxSebxcxaAtA,0.8,4
tGCojIjl5V50Wek2MxPP9Q,0.6,5
AGokLKpL8WQfHYrRuhHbyA,0.9,5
pA98tgPpbpZX6DBhfl2V1w,-0.4,3
as-zTscf1gjMeFLn_dHyjg,-0.7,2
zg_4_eh7hdgfwMHcYmB9Yg,0.8,5
UF1g9Dz1Z0J5bwH_hv9K4w,0.85,5
B3j0Nov3LtcZ5H0Qzj0GMQ,0.7,4
On5rHoAVBInyOCoacPc0_g,0.75,5
qenGX24NZ2luZkSU6iuZZA,0.8,5
fgmB5zyKeG0PnPUbNG6dcQ,0.8,5
ndrYhtV1fWXbp5hPvWI1cA,-0.9,1
8yXpFmzOp1vsWMenj99eFA,-0.8,1
iABM7yliOxAOOCP2f2Kwew,-0.85,3
I-t8MfrmV4ny9e6fHJkchA,-0.9,1
7ap4y0CUs0lt7_Eagv-qUQ,-0.8,1
hVgOpWZzQOrXEjifTjf8zA,0.0,3
o7MJICTA-mXLYVPDWXRjkg,-0.9,1
9hYJXPxiIe15PcPqF4ScGQ,0.8,5
4r74bSIG55NuoTWQ9Y8MhQ,0.7,4
i1o-aaS-qWMAlI3Mrv39Yw,0.8,4
BbkSSKmLR3o0fkeOYIX15Q,0.9,5
otW1-hDSO7tvQbRXs2S9nw,-0.7,1
hp3SNVDiVDmLSHQCjF5p8A,0.85,3
2jt_Pui7umo7dOi87_DOTg,0.0,2
0wORsFLCjucCOSHZkBSBYQ,0.9,5
2-j71bGBPR7noQ57HfZQ5Q,0.85,5
ESanDxF5OTurVClOiyRycg,0.92,5
9i5NOzGTsUkyFbw7gYmjHw,0.88,5
PKf1UP_WytnQSwb-_Cmv9g,0.95,5
h6d0p14y1aOi6zDYKWTNHg,0.0,3
aQz5W2wRYZUvnFh5c_9dnQ,0.9,5
-JwG_hqyl2iIFIAeRsPpDw,0.7,5
d83hHkhUQEjX2dJOlUcHhQ,0.0,4
BzsFeJUByFojD_eBhLd94g,0.8,5
o0FhgBI6gScivYHeSTa4qQ,0.9,5
if3ezB1unKHdoh--43VSng,0.0,3
NPT06f9xcUB0obh4MyY7tg,0.95,5
iW4q3xqQsfm_qx9AMgwXFA,-0.7,1
JHqG4E7CfGteLUQMkS-rCg,0.8,4
kHrQU_foklc2tJSjm0-WCg,0.9,5
s2FaWTRRM2mpY6ihVFpsRQ,-0.8,1
dn9lBoAEfOWuQdEOLdw3Yw,0.85,5
3XG-CqGlLPhdkaIDNoSSRw,-0.9,1
WZTpwnVJXDq3ZGoU2Wvj8Q,0.8,5
aqDuGkVXBE0xLYNLKMhVlw,0.8,5
gheVcp2MwlcQ_d5DBqsh5Q,0.9,5
6ZRRavBssJlAIINRdCAO_w,0.7,5
CTlvsDc5GWxXik4XSv0DIA,-0.8,1
-gLbrMnmGF6vm66NqQtzUw,0.6,5
OFNT8GpUP9vRhlRvolP1cQ,0.7,4
Uc2_2oUXuc30mDaJBAKmPw,0.95,5
v2mCL9Cnm7NDZKuVJyKzpw,0.8,5
yHHO6N5_hrtnFma1wWij0w,0.85,5
-6AwZo_4SHIt3ZvE8VtsDw,0.9,5
iUtAqDhgfwOSVB00PVNzwg,0.8,5
uONxVAd8eJiZCx03ed0k3g,0.85,5
9b0jyHZuXYA_oSDkaZ9GKA,0.9,5
8VG2pbqpoAGPWB9uT07kWg,0.75,5
zohKKSZ_2MlMhi9TiQyjxw,0.8,5
STtCCGy5eWWuj-EZHYJZEQ,-0.8,1
8A4ELvZddMjM1hZ5Xt6CXw,0.0,5
r6GkvLrlrApjbhn6vN341Q,-0.9,2
31SsSeb5UkUlndZyTCmAqg,0.7,5
jDtn3mk55GI0V-d0BNmp3Q,0.6,5
kwSdPKLdNQnAboBudO3TfQ,0.8,5
Vgy0AhVcMW-gTxkSOvMaLw,0.75,5
e2hXU4DsFxDcNELi7soHOg,0.7,5
UHktCbpSpUwgKJeahomYlQ,0.6,4
CW4SHvGhqcBYD-JXGyYYYg,0.4,4
PWkHy4a2rnBc6b0BER40Og,0.0,2
aM-nuxe-qcK9881Gx00U-w,-0.8,1
2QACGnugvZiv_E0OrklfQA,0.9,5
vMWFJIRWInZXLrNJQgF3RQ,-0.6,1
fjUNnPCkIWOVmzUAocoUjg,-0.9,1
EnKw4g0I2fo_X0nguuFIbA,-0.8,1
QPpwuemnjOjxXoJHqyL2fw,-0.7,1
SCbvBKuks_-Tl6NGttSlzw,-0.9,1
TCR-uLClL03NDktE_nBx6g,0.8,5
VmeBlS4WJP5EMsAdiu6rAA,-0.6,1
D6G0Y8soFSHMoLj0XctmZg,-0.7,3
Y6Wtw8-0krPzF2wzozr3og,0.9,5
SHMGtDJQfYvHE45PEUO66g,0.6,5
buHKrjH0SQDBwvZgjNEcZA,-0.9,1
sKiLMUpkTY2o7dOWkgzJOw,0.0,4
8DpCWc8MwdEgtkxKImz_WQ,-0.9,1
GH-2Ex93MiF3Z0STqSB9IA,-0.8,1
H8ykkwgovnyYk9dDMmc84Q,-0.85,1
sGFWlcgn3sVCCwNVk6B_iQ,0.9,5
cx86ItboJ56xxdBhWxMs2w,0.0,3
2g-0N56N7gXwOC8IaoLhbg,-0.6,2
0QvKNVjMlDmAIeNj03TPIg,-0.85,1
xRdNNe7DyehTnL-R9ycTJg,0.75,5
ojIVimFF8_M87WTa9PHXCA,-0.9,1
2FZjUWE5QQi_MafFAb7M8w,-0.88,1
W6wisxcND8X7yrNkAIs4sA,-0.1,1
pRn3qjDxVAzsxlTiUjsJOw,0.6,5
AR_GPHG3i6jC2Me38Us1wQ,-0.7,3
EnMsNemOSJFgkGscv6_b5Q,0.5,4
BRVr25J0WHjV7nhcrpsiSA,0.7,5
h0RrNI7zwElXl0peuckEig,0.4,3
UNszJUXKXok7JRNSEyG43w,0.9,5
ApHyYX-yIuhjxEHbgX4xpw,0.6,5
WWWkJZwLwJyPpfJ5cWcA2g,0.8,5
gp5rxxzpPnvDCv0Wqe_CvQ,0.95,5
FukQ7PTl005BcMED3AqX6A,0.85,4
MwgqldYFeEmMGEV9qRiKzg,0.96,5
rY6pMkahh-1SLO2ZgAL-2Q,0.82,5
8VFfhXXqclT61IHywCLzhg,0.92,5
2UL8ejqssC6r4JJrQu4pLg,0.85,5
G30tJch6qGnZnjSqkzE2Yw,-0.15,2
J5X0fzRYmW2O6PE7U9SPdA,-0.4,3
ACw_dO65TLYleP_sSR23wA,0.8,5
6rOjkcxCQFI2NChGJkrzHg,0.9,5
yJKSERROvZTeAF--xUm7Ag,0.85,4
2XN7Fm-K7KWM80oMJTo5KA,0.7,5
KWYfFcuzHaYWDa4i1pJMEg,0.9,5
R5H9Inu0wlm4b8WKKTLC6A,0.95,5
UXVjjYauh99_L0ji3Mh2yw,0.2,4
qRaVrxn6BOqI2_ss92QMMg,-0.9,1
vtHslNaOvwt0CUmpeDwlfw,-0.95,1
7MpC6OUXBl9yprJa8qu40w,-0.9,1
ege6q33jWQOsQWd-6Kx0mQ,0.8,4
2O3B0Ueu6WO7-OZ9OdwIvA,0.85,5
uxo7_MXvll-b4YO6n-9r5Q,0.9,5
pO4tvQ3AyW14lOZOqvnAlA,0.1,3
PvtMI_dPOuuLReIwmOalEg,0.9,4
TmJgwTLM3fFYHpLY6HHhrA,0.85,5
-flDA2IITInGegqIl5qO7Q,0.8,5
CONNu7_Uh5GjYDjsmIyptA,0.95,5
D_BxlpbMeleIpPhzeTgcLA,0.9,5
d5LKCmab88BDLhGDynD38g,-0.6,3
3TKXvQwW8bdqID73Tk_22Q,0.9,5
y6v5FsHyDXdaQmNu7c4Xgw,-0.2,2
8sXdw9Ecitf5THOsLKdkNQ,0.95,5
9Z8M0sP0LRmCxGNcLHjV0w,0.9,5
blVR3Tx5l7sx-Nm-bFgC6Q,0.9,5
y8gchCM52Le3qoKExeKYmw,0.8,5
BWrqHQmpFFrVtGlE7kQYAQ,0.85,5
e6MoIg9CGWvj4Sk3VF8FxA,-0.6,2
9y67uapb8CskbUcGo7O5nA,0.9,5
3tohc8eC-9JflC4nq36Xeg,0.8,5
Mze_CL006juWHyKB38V8sA,0.1,4
b7a3vx7_OHq94QK6mG-XSg,0.95,5
V69fGUpiRcT82wh_XOihxw,0.9,5
xGeohQqbe-miC3tQ1nVPow,0.7,5
GbkmDErMTDUujTMQVR76ww,0.8,5
CF9pJk2o4evo55pe7c9nLg,0.5,4
-HDrFq_CfGWlRhF5JW6sKA,0.9,5
v4aElMtQIeOFoI0im111wA,-0.1,3
2KGtQAcLgGsyBa2j7w2DQA,0.4,3
cbLyRzPRksXNMbI5QWiNug,0.92,5
OzS-tKek9vGj_H2xrNhXDQ,0.95,5
n7nM7YonTCoHCfVZ8RMK3Q,0.88,4
F9daHMYX8UYWRUnwXy2hQA,0.93,5
yId22ZuS_bYJs7R9-Ve9AA,0.96,5
B0mbbm-8EX_IEXkcWRearA,0.8,4
2pvpyOVz3DaeGAHSQ4zsrw,-0.7,2
Jo9Ikh9LOLt6hc7SOFcGOA,-0.5,1
3bPB86i094xYfAmBj2RSAQ,0.9,5
G1G5Agh08gmWhUL8CmkJCQ,0.7,5
eCN-B62PT7QFGKtHw0t-TQ,-0.8,1
nA3ILs-4h4mEdf8tGawZqQ,-0.9,1
WSoAaUf3P4xgOEtxa9fyJQ,-0.7,1
fqMhfbueTNqNi9BghFEk7Q,0.9,5
eOyLiBn0A5cQDYt29p8W2g,0.95,5
iLqPWaETRc6dOiidk3v5Mw,0.96,5
OgQt7eSEuqFnMd9QXPfz8Q,0.84,5
C1IqSAyce3FiIgLXUFFlVQ,0.78,5
HpANMW2kiGjSSC4TwYw6Eg,0.91,5
RTJ3OtORDY9XRsiHKfNQUQ,-0.12,3
81_WgjObba_jAOuvg0CmQA,0.8,5
G87vrwXC2rLSTSOavQwtLw,-0.9,1
qARA6etk9DpsTiml4vDVBA,0.7,4
C9T4oofmobGWQKiCJ6sltA,0.85,5
Ogek-AST_9HrDcsV-M0FiQ,0.2,3
pRfvXDwurJdlv6qOjo7e1w,-0.85,2
P7777davfDlsa0AQDaK_nQ,0.2,4
bzTOl8GXB-btCSODkooYpA,0.92,5
rBEl_WyUGnDpH3c8S4-6Uw,-0.9,1
vETPYNJVOU17RtBToUouXw,-0.95,1
V_o_e0QHYY4I9ek8V3AZ_g,0.92,5
Y3S7ZdkncC8Kh5sXSFAN6Q,0.81,5
0M3o-420B-vfMb7gV93yAg,0.86,5
9NaA34TXs-uiIXozGBc_hw,0.9,5
g5ocTpWaPX74IWn_ppFeZQ,0.95,5
Gd9rCsMExBN7APDq3tFNuQ,0.8,5
Ao-lsXKBg_JYU2A06agCCg,-0.9,1
facuLADfp-9sbvbzjEPS3g,0.1,3
HfLOyIBYjSF9tgtmC9xt_g,0.7,5
sIGb_AWA-w9v3WhEy6u_Yg,-0.8,1
v8mN3tGMQm5AcLyCz-MZGQ,0.9,5
hwcnnhscT3rznnB80jtdRw,0.8,5
n_yGlmi-dQsGuInzWW1KLQ,0.85,5
FW_LhopUNOWSbouB0Y2bxg,-0.7,2
1epcQYiJvBslACCwzjxwlg,-0.8,1
f0_2zrLYXP1atyC8_NDM5w,0.9,5
fu9W-7KOx7__7dXdrYv9Zw,-0.2,2
dTd4q59r4qK-sc2uAbNNNA,0.1,3
4TN-N0VbOOfj0I9H4AgXUg,-0.9,1
o1LaOjdx18bZePQjoPT7nQ,-0.95,1
HjdKPTCQ-iSKOKu9TtrUsQ,-0.9,1
63TC9MKVQlW9hmKJ5OV-bQ,-0.8,1
mEOxf5NFMn3e5dxIHZ7lFQ,-0.7,1
ImQidgRuKbUtKiSGeuap5Q,0.9,5
fPusJpz3MSsDm03VaAyPaA,-0.85,1
ob6wSk8EVj44splTukERDA,-0.85,2
ifnem4HcQ9C8afB56MidWQ,-0.75,1
FWD_VL9MiqQG_CZoS7VATA,0.85,4
toYOIBEG6bfYaIfUqmoL3A,0.1,1
9mpdnLVDmrzuzHDkh624lg,-0.9,1
0f2lWxLR0fRX7UdgrWaESw,-0.7,4
HW75dsIV0dywhrutb79EAw,-0.8,1
v5KGbf5AbsSafRfKAotfUw,0.6,5
nrT6gu7Py4aMfetkW_S4vw,0.8,5
U_FpkSVAQIzD50xOyVHrAA,-0.9,1
zz6Qev9s2IvUFyopOPxq1Q,-0.65,2
FJnYqJG0OJuW8P66OMRvBA,-0.85,2
s2RhZE3z5fbbM_eGhUk5OQ,0.78,4
0TiQX9e4CsiUE8216Ms5yQ,0.12,4
Bnvd2Ix9XGcnOAwkolOCeg,0.22,4
JOymd4J5U_NhnWzLM13-ZA,0.9,5
P3OCWtM601GSpb-o7XX4jQ,0.85,5
-PQHCxAzm0kE1NSj_Stofg,-0.8,3
pefDXwX1INDyGL3UzYxlMQ,0.7,4
4SvAVdfO67eo9OcXsu4QXA,0.5,5
CxsiDj4HoEt4muvSWvRarg,-0.6,1
CmcrUJzu2KKZ8WHLBXctQQ,0.9,5
JuWeGDOkz27dltBixrEP7g,0.8,5
JI6_5QGDbs-WsstH7JGyuA,-0.4,3
h6cS9dGPnq-jvOaWaujUXg,-0.9,1
heZx_X5bzHo0lM8hp47H2w,-0.7,2
1mImSLS_pl91tiHl3BWzRw,0.8,5
UH3xuZb0ji9yimVFLk5zSg,-0.6,2
lVMil5RE4EV_WM2CwkCO2Q,-0.5,1
1_-2aU4DfPjSzJD7zEPEnw,-0.9,1
T0aWnOu0JfLHq2thcVOp5g,-0.9,1
rqYxUbOIOx_vR8KU38E1Aw,-0.8,1
4Cqo1okil4UGjJvGY2YM5w,-0.85,1
MFWWoYcBFZOc0ev_eFP2Bw,0.9,5
Fiix4oGL5PUzjmKaD_u1AA,-0.9,1
u4iH8scGOEyd7mVOVHTNew,0.7,4
LDxy1P9TBmHWVZlQTppXXw,-0.4,2
vcAFBBMWqSiJwyFEeV8txw,0.8,4
psqiJ9b9e9iKfJkZPCrqgw,-0.9,1
UawtdkhPAbwNiDxMtF83Lw,0.4,3
apm0PixGPzLPSJcqkaxBDw,0.85,5
nfb1VXOht5IL-v8tW-LQ0Q,-0.9,1
-yzqgtjtBmYPam5eYh7wKw,-0.95,1
JhEK2PsbCJTlKqYAzmib9g,0.2,4
6F9HH2S7CDFJwmHWxcenuA,-0.8,1
l5OtPsB-aLBHRKcC7XfQjQ,-0.9,1
A06AgVptcabuli_EObi4Kg,-0.8,1
S7YHUHyri-7Kas6t5Jpr0g,0.9,5
_EcYAn7S-E8LjtJcDLUZ1g,0.8,5
8SEGWiN_6Ysg-YDfitE8EA,0.85,5
_PT7q8fpOyq_NqknLEIIjA,0.9,5
UmU7BoVh9RVp3u3INXewEw,-0.8,1
VgSJGkWOwUBCjSLt0J-7hg,-0.95,1
DWN-b0UKNqU0asCBythlHg,0.85,5
Yc7XQ7nMbEXG3nNrFitprQ,0.9,5
mykv0x3cSYwyNm7vcRWkGg,0.9,4
5TP8Ski_YJXe-H6kSP3GAw,-0.4,2
Cnh9aQEKWDkaAipRMDx5ww,0.0,3
oeotnjT_awZPih5Uv1Ah-w,0.85,5
OThosAtyrLQa2qXoiIejSQ,0.9,5
wY-69w_rE02A0sC_X8xrOw,0.85,4
i29BxR9ynsc3ic5hO-0N6Q,0.9,5
3mY-5_Jf-UjZ-jOIUESt1g,0.95,5
XncrbnQK89nSrmjU8dSbqQ,0.9,5
UrwM25Y4BCQlCnITYK7wqw,-0.4,2
8F_fUh1-wziSmL5ocZrd5g,0.9,5
1FCKUbCB8p-97twzerZOrw,0.85,5
hx3oOZPYNliKFSFXPh4Nag,-0.9,2
4zy8OTRELsBlXgCryvqikA,-0.85,1
e4MHFZK9kS3Gp23yRZ6mrA,0.2,4
wrOws7VQlJP23oyfCAiqHA,0.92,5
dQiA9RqALm-ssZIeFtsIZQ,-0.45,3
hzYLszSQVTFYxe11nAtJiA,0.96,4
guUVuyMDePBuYgTvlzwaTA,0.9,5
YzBnAsXmC7829niM1-VRDw,0.88,5
OpFkh3luUGdAls2UBrE_YQ,0.95,5
9fA62MBGTgfAU19lR4jrpw,0.93,5
mgQPgeZsV9yklpH3PAuYDg,0.9,5
T_oec5rTPa1yjH6sa-KtPQ,0.92,5
4kaT57RvzYhrdAONbjt1jw,0.88,5
EOfz5I5C_XAVvzrSnqLgfg,0.6,4
uSacCVZnAz4DZlmorMdYKw,0.9,5
mr5dbHHHjMQrhZ8qZc_-BQ,0.8,5
MGZykiWIN8bTTp_cF0qOgQ,-0.8,1
jhbOVyjq3ix15Cqq8ruuZA,0.7,5
ugfpgZI5hy6nJ_xiczQutg,-0.7,2
aOK7-d9ILESnI5lWyKNm9g,-0.8,1
HUCvgRLSjk5XJ9Wt8V1x9g,0.8,5
CR1Ps1yKrcCwDhqQlLlW4A,0.9,5
MW0ODts86OsomvvsfxPfwg,0.85,5
t1Gd0nlaeZBz7JtTSzpWoA,-0.9,1
IjZLQi9MxrxVJs5x0o-rtA,-0.85,1
X2j4_pvGHEaYsuTET1Y-hQ,0.8,5
GYSFu905HbJgfLeEOA4v0Q,0.75,5
quTNsayl6GqKIkNFWxOBeQ,-0.4,2
WOq8wbXpO4NhFQ4tuCQS1Q,-0.6,3
0YLZYLj5qCT026n9GEcoBg,-0.5,3
zNPerCGz4-Q3k4E-9jWZgg,0.6,4
zRVfCUVGqDnTXp6sSWuJ0Q,0.9,5
8k7dGd5YuJA0KmQsxj1Gcw,-0.9,1
9t5MJQVQeNA9aVoLmHUU0Q,-0.2,3
zwH5HdvA9RwPCz46Xyb-YQ,-0.9,1
rOfuhTELv0ZgxBE7l9uayg,-0.5,1
5cbUQFZxOCKkzeUp--whhA,-0.8,1
bTdCZ8IYvreR3w31ooNDCQ,0.7,5
0rX9u4sJc3KXNOIsinEByw,-0.9,1
kqW35lv_FRA3TI2fPPClmQ,0.85,4
vfSI6bxBzh8fwAg0TKA7YQ,0.9,5
sBX5lAXOoDr20dlLYUDtMQ,-0.7,2
LOwMz1_ef0VVV7CEmcu7gw,-0.2,3
6JYIGMI795rCIKG3iAPFWA,-0.92,1
a_siNOSmV8N7RpJ_RgdJLQ,0.94,5
qjanfRWmDCYxiecIu6PU4w,0.88,5
OebqRnK76J-17r4bGC-rUw,0.96,5
0E4jv5J7ksKo29KmYlzvGA,-0.65,1
ed_tWYLxecow78hIDC7P0A,-0.85,1
9rmv5fMTB3pxRohrNaHIGQ,0.9,5
jq9cwTqvZqFcnchUTYtk0g,0.95,5
wYGAo2nvWahHXYn9AFJi5Q,0.8,5
XYb_4SiXpLUXMEJXr-CzXQ,-0.9,1
yljUL1vrYdyQQu5AdxyGMg,0.8,4
KgP6w2yz7aKDQ_8ukyeEqw,0.9,5
N-99n1mw2OzlG7ItyIawJA,-0.2,3
0joHmxeFL6VbUT0m8p7Pdg,0.85,5
qx9qQqU94AX-tclco0c-1Q,0.6,5
iavpE3YiRMMT5DHFU-GPTA,0.8,5
pkiulue428Wtu1yXWUJMlw,-0.9,1
KJ_Z9OCAGZDSYYdswkKzNw,0.4,5
3t5wTxJXKOSUnSLYIhqZEA,0.6,1
jo2M-6bJUWZ2W4Wpn6CWdw,0.7,5
KbuFyjn_2OKJNqxmczaVxg,0.9,5
wOI90qUjjcruY93M4Fyolw,0.2,4
qKFVGCZt5rUDmbYsJpA5tg,0.95,4
Fs3QVA9fra5J97UM5ORibw,0.8,4
1S-dDMNnayhfc1PW4kqrUQ,0.85,4
pxaIIr7NQM-gtoSwqcmhlw,0.3,5
gT-K3_REp2vMiboTCx4tUw,0.9,5
D1gvvzTObOo6LGccvqE99w,0.8,4
_7tyb9Kq36d7fnaRYhUgsw,0.95,5
vHzhW23tAYmdz4PovHtESw,0.7,5
se_ifFmP9DyXLjUc6NOWAQ,0.9,5
bpTANnWpJaUESExaAFfeow,0.8,5
VEpJRQLcoyN86UnXLhMvZA,0.85,5
Z4VR8Sl5IeY1cTmsXJamQw,0.8,4
hSxxSngKzlz3SpPsNPl3lQ,-0.5,5
8Grm4gGvBHRyBoedwo8oWg,0.8,5
tttopQcnobWFdlmy06JvkQ,-0.5,3
6m3MmTboBl3aKIgu8BYDWA,-0.6,3
QqGvjaBt8e5LO_2ckOJH4g,-0.1,3
xugd33erE7515X8WgnXRlQ,0.7,5
U3NarimlQSyDspOLjsF9zQ,-0.4,3
Cd03dYrKXFxEsMuuK_SERQ,0.0,3
nGb94ZRL2dq7OEc-6P_afA,-0.7,2
6d8L_DOxuVQNfAcjb5JxTg,0.8,5
i43sjjelQbZz-M-BmLBSBA,0.9,5
KBHeZi_lDzbaayXdQZOfQw,0.9,5
axNhExcPal0JHzEXlOTT9g,0.7,5
puAKpnGeSBwcR5NHxRaELA,-0.4,3
emUhmgtVuqtkR-7fwV3NEA,0.8,4
WEJxsj0S3y82-S5eUO5gqA,0.85,5
ur7OnKpTLlcactKzp_UgDQ,0.8,5
pdtPJVcLp4psEggDxxB-lg,-0.6,2
VV6AKrd3af2kYr8dtaJCXw,0.0,4
HxTjSL-vzqo_dMHoT5AXaA,-0.9,1
8Hc8SofNcXQZWPJOgYVnIw,-0.5,1
JeUZ2o4i9zUC_X-H2j9r4Q,0.9,5
Xj1QXPoXAgpKDw1STwukRg,-0.4,1
nQDvSTC2mi0syKKxon3c6g,0.2,3
PA4Aa3cRx-B85zXZehnBeA,0.8,4
5Ay7ZHJvfbpVFZ9hPVv3Cg,0.85,5
nYtHjrsk-1bTNLGYkvgq-g,0.4,3
kszd0pKfdWRD9qaNNQY5dg,0.9,5
-_g94-BCIGFNeIlrV0x-rw,0.8,4
mMNJOxMqi8bGuL6UZ4IHzw,0.85,5
9gCc6_R2iGQgBgwTv7kH_Q,0.6,4
lW2_gDm6symiLH2N1G5f8Q,0.8,4
nUsiJbi1teak_kKVv5pKhw,0.95,5
Qun0fkNa1kF7C9-YFqhZAw,-0.4,4
plIgsQrgw-3G7fmq_EpJ0w,0.85,5
SVP4O3oanbDo4Cg9uNacDQ,0.7,4
wkbLSDWoZI6qojpSdhVZ8w,0.94,5
UwMC1FyVNtNyciNoU4EDSQ,0.91,5
GQ4NGGqfIl6DN_I3mYu0SA,0.96,5
IGD8A5xdspgtLm2lce2Srg,0.93,5
km7BSXUbYtgyBHiPhvNtIw,0.92,5
7zTuuA7SPOWx83KYibdbiA,-0.6,4
LbSzxUMkbhyYB9lB0hN8Rg,0.8,5
w62wPpfNtO5mOETSusLaxw,0.7,5
ZkILDF9scA1Uk1kAlXlG7Q,0.75,5
xO3tiZyS_SV-D8XFeFSZhA,0.6,4
65URvPRr1lE_yRoG2AztNw,0.8,5
JgUYeisVHSCcgEWjsmTaZQ,0.7,4
dmuJieHRdZ9yNhZDQhT6Dg,-0.8,2
Qv993qRzIT6mSfhHwGCD0A,0.6,5
_lfMobvWslbsGjl_4M3PXQ,0.9,5
UvWECeQX2Eez_IIMuS4S7g,-0.8,3
sdu0dkLReuB_nFQIjMURAA,0.2,4
fEk4Rh1022egR1qiWhxIgw,0.9,5
28t4xEAgi7LkwpeK9b5orA,-0.4,2
PSIDyvYphrVaNZHLDH12kQ,-0.6,3
_7HsxPUuv2mmBw-NNU67NQ,-0.4,3
RF_o9lfqWxnYPmwXpMKS_Q,0.9,5
_1hR5HgJTTCVa_N6jY1QXg,-0.8,2
beickGQSMHagxk-LslM71w,0.8,5
97ct7FKMD3CjXywmWixNfQ,0.7,5
909lBtQE8DDKluAK2C-wJw,-0.9,1
d5CZe1yhonD6udK5ierH5Q,-0.4,1
u3Gzyvinzyd_jiVCZF4_vQ,-0.8,1
jOzGrwCssLBLdRyhuz_AsA,0.5,4
9pdo5Bfpl9YHwGCkihmGpA,0.9,5
P5JNURWNK83nA2Ql2MVw2w,0.85,5
cboA5XtvySjm7HIe0Pjp9A,-0.7,1
5fyyqXcDNRlw1YszlXYBAg,0.9,5
T8hwkhPdzQonMWao_6a_pA,0.1,3
KUFibg5x3Rn3ZENM0jzWiA,0.8,5
p2WWnfzhvMkQZSVJp9g0FA,0.6,4
YOxZs9Xbty2bsq2dLJvWdw,-0.8,1
J-4EQJ1lM5aQFb5H90q2XA,-0.9,1
nTBmqe03xe68zgcSOEtH4g,-0.7,3
0cewMjPxqwTVHEvqLjX86Q,0.0,1
ixTpdwHtBn85wgWH9HJwEg,0.9,4
Q9ch-IuHwAnHe2faCkuTVQ,0.2,3
sRAIV4Zm3a3cBfEEAfZDYg,0.8,5
fAk6IInqe1XSrLXHcbDwnw,1.0,5
ug-yYEorF8JjRWp9aw93dQ,0.9,5
NCiPT1XRqJPaDNB8S6QUPA,0.8,5
EGUk9Oje7Wk1C-EMWbE_qg,0.9,5
DOmg5fufydutUoqeD4oIdQ,0.8,4
mX52EGNPN-naMBj4k_f5-g,-0.5,2
bzKL2edZ6FxAJszE0KQu2Q,0.8,4
8cBprIRGQBZ_MHNS3izwKA,0.8,5
YsWLFfrtttv0K3VZqFb51A,0.8,4
luz_xMq4fXAmbl57b0g23A,0.8,3
cfTtbnmzmNkPA98Pk-q1rQ,0.8,5
5TfJzdm-cBH4O_9VCd8BAg,0.8,5
6BaQ6EyccDyOkXJX1qwvqg,-0.8,1
JEgLUqEzrpNGM2CaKdVBrQ,-0.8,1
YW3BZwRaZoz6Ri9H--Qb_g,-0.5,1
FQlvMPO5UTMusCDpPKZGcQ,0.8,5
vF7KD4qtEMUxjFGChljU0g,0.8,5
U2AMrZXpyNpZgQ5A4C91Tw,0.9,5
6O4zESOTuQiGc6hGj_sUlQ,0.8,5
fPCjR70l5EFeQF579DnGcQ,0.9,5
eOqIl2lbKRKe4vdd8K09dA,0.7,4
Ce3V4vhAiTgOf7XfrOEoTg,0.8,3
kHw2dWf2xB_9t6JoHHyPDw,-0.9,1
KKB4j4jnBbCe7z3FEAbnBQ,0.8,5
EoWqosszQChj8idGsaJQ7g,0.3,3
O_225Jg0cyAaivh4alN2BQ,0.8,5
nPpsTtAiuAEpHPqltSgtKQ,0.8,4
0RCSCkvqJPcfD-eUA9Is0g,0.9,5
-H7kD-BYSS7njDuNmWjpSA,-0.5,3
FT3bZcaf9yNJVlfAPxhXbQ,0.8,5
_DqLA0Wd-EmR9QbTodM3aA,0.8,4
ETPC1N9FgJ9jzWgLTYD3yA,-0.5,3
uoyMSCtBYrvoNKnL3cLlnA,0.8,5
GjuKURcS-vdREG8ME2hkTg,0.9,5
m7ylizosn0IGnCQD12zpAg,-0.5,2
woxeseGs0tjcT8wY9jhImQ,0.8,5
rgEM4eoBFuciNXT44jDSrQ,0.8,4
hr4wKqWdDrn6WZ2I5nlkCA,0.8,4
sQ_M8BGC-HYeL5vQ-QwAFQ,0.3,3
qOpCl3mpzqqrTh5UJf2Wyw,0.8,4
MM-PVZ-HV2NwVQYpvr21WQ,0.3,4
q2MgjG7lFV7DLcmOyOjU4Q,-0.8,1
Bpey9W5-lCjiXrJWIX0Izw,0.8,4
28kH6HvOkGycVViKSbiCLw,-0.5,3
ZhN7Z4zG9rGVfU48a-gl-g,-0.8,1
kTlBmMlhxrWOdWkbqaZ2Lg,0.9,5
wAzi7G2td9xP9ibooSZoiQ,0.9,5
ZoR27783XQuDgoTGvhW45g,0.7,3
FEMR5Rt9CAWX1QTXMn4XwA,-0.5,2
8QUOL5Yh9EZOIA-96kqzZw,0.8,5
iCrUVdUoznyIzTtuCR7-Hw,1.0,5
mQzIKBV4tDUErMg_p-IPaw,0.9,5
O-BI2Cmb7pj7IKEOoezCxg,0.8,4
SOwrpGmsCRlj4WFWWwU0fQ,0.9,5
D7Lpu8NugNyJbjpmgLC7ig,0.9,5
ZzTwjHa-8PdojzVR1IevuQ,0.8,3
eXU-xAEMWtththx9qqCaUw,0.9,5
iWYXPLxMY6UAhzKU5xvh9Q,0.8,5
idpCMddGrdxePzT8KkaLlQ,0.9,5
btWXgBgqRyiVx-SHi7pEcg,0.9,5
fDpOJUi9Py-AyZcLCCzWbA,0.8,5
klDWGoC0RrU-MigwB1Y8Jw,-0.8,1
NuU6WlFpNcrnrZtd0xT4CA,-0.8,1
dEMu6fhe_Pnq5PpgrkyNFQ,-0.8,1
5Q8gmWVsFTpdi_Ie4r3F2A,-0.8,1
cbAh3-4xEmDfDCE54JPIcw,-0.5,3
me86aSNPPGQwAMch358ujA,0.9,5
UKQNsz6bUJGfDSfptF9kWw,0.8,2
5msekB0oVTZpQYxgPoRMKA,0.9,5
zXPvVgV-jU5T6q4EoM5Q5Q,0.8,4
xY8AMnQ9NqjUMsUIi0Ld9g,-0.5,3
cRDnKC7Iy8LG-lQCPy1ITg,-0.8,1
Y330T51sCJ8eiwF3Vq_zzQ,-0.5,1
iHLkpMwL1BcRk-DC9hp0rw,0.9,5
K6w8hVX7QV6qhvX6GRMFBw,0.8,5
KBEnHBIpnsPqEmgZpHmSRw,0.8,3
AnPkLuQey-t5frtAlt8KVg,0.8,3
1SXtukhiNrX772buImATFA,0.8,5
SKPQ-4gh_QvwsuoxTznNag,1.0,5
LCDi58i9CYGG8JY-q4Jf6w,0.8,4
tH5CBWXcVKNV_hcPtUj2Lg,0.8,5
qZ7b3JOjW2iBt8ReQ0GWbg,-0.7,2
-bltx6e7gaXMK5d1QRD2Fw,-0.5,1
XkYCib2tRZYp45C1h54ZqQ,0.8,5
MZM3b6PvNv9_U_7h65uzJQ,-0.8,1
SvXqysiGDGkfJ3H7J3n_fg,-0.8,2
sidN7ZZ6vbgbT8aDyN00qg,0.8,5
Vgw_w7ExE_WyJUhikdstbg,0.9,5
uTY_zJY1cPDmlFMmiy-KBw,0.8,5
87c4t6OMYWqGszk0aOBMWg,0.8,5
i_Fu0KJTGpy1vD0ILapEzA,0.8,5
LQ7Zunq4dU2KCNvtRnxMOQ,-0.8,3
nvdGJmQ4n-M4XTz0Ut-5-Q,1.0,5
JM_FIUcpJ7u5HnV7DCEg3A,0.9,5
PsKrEb2t0m8IP3mYBQ_DFg,0.8,4
s5zL675sRJ2FGZKkOg6-1w,0.8,5
uZ5aAtBXvb-HxClbRZXqpA,-0.5,2
hyO-_F_bhNrtKND_kPDOUQ,0.9,4
CYJfF2ooBxhMX7QeoN-i7A,-0.5,3
eXvvSdV_uy2ww2A2-GHGzA,1.0,5
mRpDXSIhPWI0PyHslwDglw,0.8,5
YKeXAUFnNnpnoflKeRYCow,-0.8,1
i6BgK6EMLC0imbyt3KaQrA,0.8,4
gh0GKGOYoXQKIUqyQ9NX7Q,0.8,5
JOHKBW_6DLYhxa5OeEinxA,0.9,5
BqjI2K_BSD5s2DBtlrFTVQ,-0.5,2
22_d9-7FufR2WM09wuXbNw,-0.9,1
QVzTjk2e1UjDLsRgPZFgLA,0.9,5
N7dkPIovYKZabK_tW0qB7w,0.9,5
oEr38G2PraNfZUqJvcbMbg,0.8,5
mKbYRM63lbatfFMm5aksyg,0.8,5
deZYNLMAlP8TjWur8j2TPQ,0.8,4
cyQl9BEmyPLaK0NtnV2zvw,0.8,3
NSmtNCarHFHMK3D0GtsD1w,0.8,5
p5ZnSYsVNIINohGlSsptjA,0.9,5
gBl0QUMp-sKuwSHBfyF18A,1.0,5
QcMaTZD4vINy48emXlcwaw,0.8,5
B5zT_RaIbMWBH83YxEZFWA,-0.8,3
0zv18O7ePKNj_DOT-vluMg,0.8,5
oabYMil4pH_6TCUqx_sZNw,-0.5,3
NHEfLVZF_VxGLTECfg8xmg,0.9,5
296gasuxY0JY0X3iA5DlMg,-0.5,2
ZSct3389R-p56DVM5S56ew,1.0,5
LfU5b7TvhL49yhyzDX9Egw,-0.8,1
fu4SV_ccoJERWqBWDtnp3Q,1.0,5
ZeGrwYLhFLZNtuxsjQ2LdQ,0.8,5
7Cf-7ppcGijkXCRUAwB2xw,0.8,4
_gaijtKgUqdDNvuhZ7z5Hg,0.9,5
ro1XEX8jNTi2A6RG_UHfJA,0.8,5
N3UIrGah1t9Oz2aZqxBlaw,0.7,3
Y1zVr00wxSbesNjty8EWjQ,0.8,4
fRiVxXL-cUDEOyWkhlizYw,0.8,5
agrwbfLxIBnl6JiXc1d50w,0.8,4
Wbc5y4qLdRMh45fDAgoRnQ,0.7,4
KEDDZ8nEHrMNpr5vxivcKQ,-0.8,1
y_u0OqmvRpGrQtkJNDbb1A,-0.8,1
jqGRqwhdyg-vyKhC_FiGSw,0.8,5
FFYeuDy8W2k0l3u4YeYMDQ,-0.8,1
ltw38k1yloUPA4JDHdJohw,0.8,4
2XR5QtdjuR1TIH5-60lUEw,-1.0,1
aVvno4lLG_OR9abnn-okkg,0.9,5
h0nbTpWbxC0SI0Z5O7Q-5A,0.9,4
xpOZgOgEqus6F_DptITztA,0.9,4
dt1RN23YBnY5cDLYh5UsqA,0.5,4
3CkpBvOpeQrO7lvZyKrRLQ,0.8,5
cmK48amjYNk7_rMa4hP-sg,0.8,5
4cPjWWI6liGfHQ4OoUzkMg,0.8,5
dUq0NSHontUf5bxzxWG8rg,0.8,5
K2Pn5dc6l46-5gUfaOkEcQ,0.99,5
SOjYe686Zr_vSFjYw6U_Mw,0.9,5
0BTGuop-1u0aKTAO3KWMWA,0.9,5
c6J3MArbcMrbGRZVL8WMOg,0.8,4
EbKVhGhW7shBwTUMDd2aPg,-0.5,2
gRmORxuxzAgjF1pJjFV4xw,0.8,5
6jOgIWlYG1Cl13NnA-7doQ,0.8,5
CirRETDlc9p0xvpBFX0tNA,-0.5,2
gZ37bCbLLCX3GUBuhKyxcQ,-0.8,2
PuVlDUs5cM1j3gexRpYsCQ,-0.8,1
_rOkwuU4LP5Xxf_D_pCZfg,0.8,4
ibiDsnonT7_vfPNnKQHhYg,0.8,5
jyb9hmWptyiaWxtvxriARQ,0.8,5
Le_g5_exHDDtlQkLOD8hRw,0.2,3
U9Uzdmq8DadE0oV5hkDeeA,0.9,5
XE2ncya_Vhj-cqd0EE-ijQ,0.9,5
pudiXUh-8inEq4r9QNwqZA,-0.8,1
C9Azw0mKDNH55_j-IltUAQ,0.9,5
FFLiYZPYjFC3j7o-SUirEg,0.8,4
5FEPAC9ngdxiTtBqLS1-Nw,0.7,4
iiMsuh5IZme-JgSVBD-lmA,0.9,5
Y8hLZ2IHHe-QQmok4k95Qw,-0.8,1
9xfnhe0wC5auRHWqQNO6Kg,-0.5,1
_UQXTI8TDRJKZ0Q5B1qV-A,-0.8,1
LsehI8_rbBk0BcxzeWPp7Q,0.8,5
yS53HQ_9lPSilv4UWDE1rw,0.9,5
VekD6KC-nDWqzbQXkyT3mQ,0.8,4
JJY8rb_4phCUtCa0_TvNqA,0.9,5
tIpX3kJ8rcbuWcjpwkA9ig,0.8,4
oAfwqxrENdygOwBS2Pgrxg,0.8,5
JpGji_fOCcN3p3e6VIFs4g,0.8,5
Sr16hgSkM__wjIyXl5uS-g,0.9,5
Xh_XDU-8DocGs9mNpAS_rQ,0.9,5
DEDHnlf8OSQo2af2JAS9sw,0.8,4
0RVNcVzSsTcs_iYgiLy2Cw,-0.5,2
LTUiWXmu06TiL-edSQQZLQ,0.9,5
pF3cGBV_O-owXU9a6B0uww,1.0,5
iuahUo4k1uid1j1lZE0Agg,0.8,5
AzmxWKhttq_0U2vUkm0X7Q,-0.8,1
5LuWu43mVPFB7G_EH-NUXw,-0.8,1
LNZwHXXzNy4OZ_cbo6BwMw,0.8,5
HiCv1mCVlVX0nzSJUt38Iw,0.8,5
kkZJxca_cIxbOlwR-UpgnA,0.8,5
wpzat02Moh2OFn2IivrDBA,0.8,5
mtDAUrUqS2O-xDBV_5D2fQ,-0.5,2
0st2l1oNTfvaMwIGWN1STQ,-0.8,1
OLrdXi9pLoaK6bMVedubTg,0.9,5
xHcBarPQUJtx6wVS2ieX5Q,0.8,5
o2QJwrE3SwbMuhDvC29JAg,0.8,5
tQ3H1SgT1x44i60LOqPFmQ,-0.5,1
kZp4kAxsXLpr2G4DJzWmXw,0.8,5
lBiD9REXUDvoV9WEKO-eSw,0.8,4
CjTmgqfgJr4z_h9wAbRjcA,0.8,5
iVgQgla-d3bqjTDRNUqjaA,0.8,5
LgYfwXJcPIpgPvM9nz_ggA,0.0,3
_Xh5dYt2hs7UY4Arcd_QIg,0.8,5
0SlDWhoZo6bNLjuM8bgG7Q,0.8,4
XU01gVMU2VEQH9GB35T4Jw,-0.8,1
ObC9Ab0_mxz2EEDVfL9kUg,0.9,5
PnEVyQWgrIZ2otlZZXgNxQ,0.9,5
OSpNdo1hMkCRp_XEou3p1w,0.8,4
Ke4K73I32JvY6SK8m298kg,0.8,5
FPOvrAJT133zXdM1hJxrXQ,0.8,5
9Py01HznfuSqHm-dUAw7xg,-0.5,2
bOvLSk5J25tp72ECkKG4LQ,0.8,5
QpoJmVQaW48a5Rose6nKaw,0.9,5
poiEmugF7Rru6jIVsACnow,0.9,5
q1F6KaeQRob87q_qGAggBg,0.9,5
FM_iD04LHXdgZtgW7Z6bZA,0.8,5
9hBPh6J7G6OFS6SAG0StJg,1.0,5
-no4ZpDXyTbfQIOONivuNw,0.8,4
cETOhNvVz5sqj5Ok-XwDuA,-0.8,2
t_-Hq9fT89LH-jUrDawxXw,0.99,5
KUxL_N-NWlr1ALVURFlYpg,0.8,5
AUOPG6Jz0ropqVobV3Qw7g,1.0,5
7l-dlIWa9UQYUN0KT_BXBQ,-0.5,1
9CpiVV4U0pLSEk8LEkjVjg,0.8,5
5WFE_2U57tQZdETuIKh0jw,0.9,5
Szur5ayaPwdMRBg-r2B5gQ,0.9,5
ZA5xo1ihb_KBfbsk6uOYbg,0.9,5
ayCareL2Bkki3YQetHfgBg,-0.8,1
2EZR2ZoLfLe8DKd3RVMnBg,0.8,5
PPM7jdIcAhCqTELB3CyQWg,0.9,5
HMbwKu2_kel6PHrGG4BbSg,0.8,5
vlsy8bplsQYaDMf8gYBc0w,0.8,5
sQzrSrEzF_TZ9tV4RVsjkg,-0.8,1
2BmlEXy0naDpeMP4rrpRsA,-0.5,2
i6-59h8Y7vSJkqXTHzJE2w,1.0,4
BBBIS0AGt7kmAeNgJeJ0yQ,-0.5,2
8CM5IyoFPYUPtnPTpA9hdw,-0.5,2
SiIJVUFo00vr-MPX6pOEhA,1.0,5
LPmU_6vRE_y5jUOgHyABqw,0.8,4
DKMLE_zFUXThKGIDxvH8nQ,0.8,5
QAI7pdqtMmmO9Bnt3bf0sQ,0.9,5
tdFciw8CXCpKcceMgjttUg,0.8,4
WaFG3jOEd_mmEHwvce6c0w,0.8,5
d2OlpHpgxG3e-rjHkLYo-g,-0.8,1
NtF7WJNenn_ohwse8DieaA,-0.9,1
-mWWG630FtEpNdczbJywaw,-0.8,1
K6jCzFwidETK-aevJXqGiw,-0.5,1
E1EB9ooajLhOzglbWIIZoA,0.8,5
Cl9gGttg2s6S_uZx61j6eg,0.8,5
nMzFto20oDUPaD3IPLG7XA,0.8,5
wKU8O0_aQtLUJRP4zGBi0A,-0.5,1
8hLrBqbHEiW5JwFH2hJx5g,0.8,5
I_fAecWYmrd28zJGkfIM_A,0.9,5
QNtkqj2NtF-b-W1t-JqQ-w,0.9,5
D72jzjq0NUe7xrhpRPGWOg,0.8,5
9xoZhOYnbfFsu1kv0yFpPw,0.9,5
KjoG5L71SMnrR9VAcdz3_g,-0.8,1
81bk2Cb0Xh-jcA36mTXviA,-0.5,1
Vb9RywBYzjEHZp__CHge-g,0.8,3
ykSqLuRKBOGNPeHJkOVIvQ,-0.8,2
LdFkPJLa0mYE_N0LAkDwiQ,0.8,4
5skVKDD9ZLBvjcKBD_p3YQ,0.9,5
kor0z7Mqgm-lNUAx-VofmQ,0.9,5
2O5jSm8tHwm0MrEb-B46Cg,0.8,5
CxzuWvO9jzbFNLpKGzt2oA,0.8,5
XPcM6PDZOEgZcqeqz0QVxw,-0.8,1
EPulsOE6uhi3HePtQbuaLQ,0.9,5
aL4zZ1xY53OPjoNiVaE3Hg,0.9,5
_62aihol_dFXPNuEq1XCXA,1.0,5
hIxFRMxkUucZvkmFqfiOfA,0.9,5
zXxL3xQhAqnvuwOuBmhu-A,0.9,5
QpPgjZwGIa1PWOflhFZ6SQ,0.8,4
kzDKNtlC2KNdBbSXmwVV4w,0.9,5
cPaU_kjafJxbG_VX47dokQ,0.8,4
yQ3yj37M3zJuwllLttoX1w,1.0,5
sqPAe0wMGN5OVu4la00O3Q,0.8,5
sbid3YX9JivjstInMTF2ig,-0.8,1
LtEnlmw27XHlV2khU07fkQ,0.9,5
blTYJtdr3J6mCkNzV9bOcg,0.8,4
0I2r1ha1S0LWpYMSlnAPKA,0.9,5
O71WKBmK-6KPyOUkbff7Qg,0.8,5
i4kHlNZY2TP3EhxXngJLmA,0.8,4
USSQJ59V8ub5bq8n22rCYA,0.8,5
g07khhpoYAhMhFa1KpU63g,0.8,4
Sy3kOcLCfnlKIJCLX_bMHg,0.9,5
UYzeYY-I_kO_lzx0fShnXg,0.8,5
ERGOsFtFcBpJmUCQx-sw5g,-0.5,1
P35axgnMvzVS2J01l7_LwQ,-0.5,1
5f_qcrf2d8UMyo5MAUjtKA,-0.8,1
3MrWqGIGq3Civ6RTSm1EYg,0.7,4
WcDXBpB1S_WCno5X9SVutg,-0.7,1
eoGvVJCw3b2BWNir3iJ6jw,0.9,5
4lWRWwyOTL1Kum31FVeKKw,0.8,4
2aP5-YeIe9xw4YoQMKA0Ww,0.8,5
egaCChnroqDbD92wJqfVvA,1.0,5
czVVDZ7WZiXvNhwZGbUprQ,-0.8,1
BilgHEPJ_a7bwU0yQZGcjQ,-0.8,1
-0HEI_qpmjBXgKmMxlD4jg,0.9,5
GzFzaJugXbSaSo40VDK0mw,0.8,5
h6lpNo317mkHJ1w0vxO9JA,0.8,5
gsSBxzOxWf4CICDo3O-izQ,0.9,4
k-3AVaKilNSOyJJTdWxq0w,-0.8,1
bsbCSvD7QSiLXQO4E5a3fA,0.9,5
hUMXVLRvj_WcqDc8q3_GLQ,-0.8,1
7iMbZCt5NfTyZC4pur69jQ,-0.8,2
KnpmciZyEkeNrWOYSanlpQ,-1.0,1
DU39uju4LGR7brjY7anFRg,0.99,5
jywjTEZhiMueTRmxpjZ04Q,0.8,5
NXTlhKbKGeQJOjVuzT3KtQ,-1.0,1
vuM0Kad4RO3Vi9MpG8TMtA,-0.5,1
j8gQ5ILhly8EZSujuOoE4Q,0.8,4
u-zDgjlW6_pmMc6GxkE-8w,0.9,5
-WvFeLgP6SlhElHnrItkzA,0.8,5
JTLI1FTDocgqJm4BUyjEiQ,0.8,5
lnQzTVlIzVjhn2UW7ffiKA,0.9,5
OkeVjPWv06LGzed05Nke6Q,0.9,5
jTKhp6PjtUfgRPGbE_-Cwg,-0.8,2
i3XQXob-gZgwunFW6OAIEw,-0.5,3
EJwrEbPCHN6y4xbmvEB3Vg,0.8,5
KN70hn5SmdlwIsSCDXVoOQ,-0.8,1
gfvXzaq5HymQDhR68rkJRw,0.2,3
NduEHy_JuGDGKiaa758IRw,0.8,5
Mv2aieSKp5FFgrLRpp6uBw,0.9,5
c76hWeTGIRKaOqxEe-wkKQ,-0.5,2
Wd98uFjgMKlDdfBeULyZww,0.8,5
l2jxX85j-EYoMDsYygALrg,0.8,5
BULakHSFPxs_5A6QnWwmog,0.9,5
J3x8A06q2lAokQISy41sOg,0.9,5
tmFpv79NPUSRSxOklwpTvA,0.9,5
o_P7OZxLABfs5ZJB1PGpsw,0.8,5
9inEKoMWdYJSbRkiWE9pAg,0.9,5
Cn8pwMvndPl7q2zr_3GGiA,0.8,5
zNRnZneL8VbPIja6Uc4mzg,0.8,4
MWBGrj0XjvwSdwhLT-IAdg,-0.5,3
tDnvvS8wtTA8u0Xq28lhpw,-0.5,3
xpEXSnNNCMPbJuxWekjhaA,-0.8,1
EdVp9aEycW_AuDPwubejAw,1.0,5
U83pN-v8E6_UHdvDp3n9jA,0.9,5
vhtzeXsxg1XjF9aQc5sjpg,-0.9,1
IKkGZUOVJuK8hd9ovLhPzw,0.98,5
t3rMyP0NZ1bAOCA7HKhzEw,0.9,5
7xOBHnx-gRadik4mLAqNkA,0.8,5
wmmCnojNGoKNmMn8yBLONQ,1.0,5
3F8oPC248RDk_YsxvHShlA,0.8,5
HYa775WaUzfebCOV67Kwhw,0.8,5
KO0UxsasD6Ygz0wT7yqKWA,0.8,5
2ITl__LddEsgmbGyoLfLWg,0.8,5
RGG7bIMsDSZuYGWKO5hihA,0.8,4
dfCm0nSiOrz_918RnbK5Yg,-0.8,1
JKhorrYLjl-tgMpBVKHk7w,0.8,5
oEgep5wUEO6jbWKUnmtRxQ,0.9,5
S-q9KGONZJF7FiBofsme3Q,0.8,4
AWB9SF7_EGfUA9QkgHSnRw,-0.5,3
p0RlltbxPt8zt6s6iB9IGg,1.0,5
iTks1KuWMqSPPq2aRU-p2g,0.8,5
CxrSB6yNR21o8wzs5ee_Ng,0.7,4
Nw2j9s3W_dLCZTG3bgN5EQ,0.8,5
QO45ufv0MrqH0zWcfQlKSw,0.8,3
gyeATAxLCCFHp6odpyAMrw,-0.5,2
n24zoc8S40kW6N-WHrzklQ,0.9,5
1ntRaSxkTEhQHJ9lb1pS3Q,0.9,5
GqKPWJkjwIrRfhqjKjCcGw,0.3,3
boVutMae-jrypY_uwkTltA,0.9,5
g0vQKRhfrK9-DEUVW5vcYw,0.8,5
OB5aSaPWy0g0mEv9jIJTsg,0.8,5
tNcyMzmKlzCizdH4SBunbw,1.0,5
E8J67U2CO0jJtYp-Ukh_hg,0.8,3
zAAG7-5MOq6C5dzIh5dO6w,0.7,4
dLcL1to4dOEOmVngP_PfMg,0.99,5
NzCtMKphG06Q0aPHCKQQjg,0.98,5
ZxXfOMSiKC2_mFHCaDXLDg,0.9,5
mwysix31CIhbGSByKcqZLg,0.9,5
rrAYg_MDo9Ahv-s22psdVQ,0.9,5
5XJ7XYcbCoJUlKDZUrI9dg,0.7,4
TXpvXlNAvJcq9TsO_n9T5g,0.99,5
w4AYYFVLthrQ6SN767p3vQ,0.98,5
O4O38rRUst-dHAyjfXKm9Q,0.8,4
UFJJQSDdFkvcqci_Ac0N9g,-0.5,3
drnar5HHqDtDauxeVN55zQ,-0.5,5
5xbEZ9dhEyZit32sLwwddg,-0.8,2
Xbf-EcBPsfgmOB1qGy4IeA,0.8,3
5b396umj3-AoVNa0eW-Rgg,0.9,5
NyTnlWF0ZsN0Geqf7vL9gA,0.9,4
RVhh4u_z3P5rOgP01hFqFA,0.8,5
9CuAqfNGapSsJ5nWKFgtXg,0.9,5
NnUFGm6HJOD_heW99Zz1dA,0.8,5
p8yZKn-IVJC12ktvyAlgQA,-0.8,1
QAOljRzuKCa5IEvEhRXOMQ,0.8,5
QKwxqpXZdE1e3xOjyO4A1A,0.8,4
LOu6D2Zw2RM4ZVw4CnyzmA,0.9,5
Kk5pfDuPrZGg_zzA_I0Y6A,0.8,3
9YYX6ZRk9fo9UFbqp2NtDg,0.7,4
3wuGybpeyuU8ZPhSnEy3Rw,0.8,4
Tn_I7jONI8OgWjoIB7pTeA,-0.8,1
uCAPuBlzXIlMeFM17SVE-Q,0.8,5
08jdzGgv0xMMkoIz-TFFnA,0.7,5
4xwirOoyhDBY-tDJNOncBw,-0.8,1
yQNkg8QxIchGTtkio3qKnw,0.8,5
kgkoDRBtedeDPdrGUtz3MQ,-0.8,1
YgND9fLZG-VMzdDVPUtQ0Q,0.8,4
-1QGQtlhcWtJVN5ETDOG4w,-0.8,1
fCTtq8UhohvUKwJw33zqoQ,0.8,5
UpP2AnlTBmkAviuvVviZyQ,0.8,5
AgeD1hMKA4sPfHkeRCnjdw,0.9,5
RRfH_15-B-qhP7Hk28qQZA,0.99,5
tukO0Rm2HoGuD3DevQ6_6w,0.98,5
qbtqspJwcWbQdG7hXCd2sw,0.8,4
TyP3t2FH6QtjMZcsW8pMaw,0.9,4
90YviajL2mu43sQ01ENZAw,0.8,4
TvQN0sBrGQe7HUgrMgD8zQ,-0.6,2
53lsYsD7QO-x9kXEXpE6-w,-0.8,1
oGTwUT-p0qlP2brSbsd2ag,-0.6,1
Hgt4z0voddp03mmVzTzojQ,0.8,5
-DvckWr9H5ckdXeXJOrjmg,0.3,2
-UT2fO-KTj8M84Z9vW6u9Q,0.8,4
suQ9QBAeeisjMxSpFhD09A,0.6,2
iiQwOVRxYZlHffEn17zMLA,0.8,3
IXJJP5eJzJX01FAI41X1SQ,0.7,4
CCjVrW1imLiTwtL4OCAQbQ,0.8,5
DmHzmQ5xiWifFSUOcFmFlQ,0.9,5
1TRiyJGc0LcqNGRLY0XJmA,0.8,4
OQXwSme2_2skxgcMZ9BDgA,0.9,5
K0fR179FxhtMjPlWOsBtQg,0.8,4
nb8kd9-NbLL9cpRdsuFvcA,-0.8,2
_0f1XRcfUyB6pQ0AGpQkow,-0.5,2
LRcm4UM8nglFfTeIau9jNg,-0.8,1
oXBtnWQAoai5oue9DoXBgQ,0.8,5
3EkPlXvSvUU3uczJHOmTzg,0.3,2
HChSZz9pVKfDMgWx-pWmxA,0.9,5
8gk_eHmheIdueJSfBkM1QQ,0.8,4
bsG_0g8-jpaxCA6XZz8QvQ,-0.8,1
w3IlySgBSAfCW-rxn_UGuw,-0.6,1
_32xGGrYQTugg_PVc0O1Ow,-0.8,1
ExTtcYiBeoRz8VNlOZjI4Q,-0.7,1
S2j9AVO4N1Ksd8_ArHgdpA,-0.8,1
H9NYVMyXwFvquCKP4Mqanw,-0.7,1
DqROGpA5rFcvYZtHsgvq8A,-0.5,3
boL1oIG7CSxlhN7LUhqrHA,0.8,5
slwsYLTTH8PlQrDVpBYAmA,-0.5,1
_r4fMe9202o2HOKdPLFe7w,0.8,5
x0t_6-R9ONmgIXAKQgEYyg,-0.8,1
Ni2h6gHsj86bxRqihJti2A,-0.7,1
02UtLzKT7Q_x8mxLxSrGXA,0.8,5
JxSHQHVHRPAmkMP2j-LozA,0.7,4
J4htOALvTIZd6cP8OCZyGg,0.8,5
oMI1Fnz3fUgKPzUEA6ExOA,0.9,5
--FlNbnQrzpsppTrXOAN4Q,-0.8,1
qrhwQYvs7vkqNPrbJ6RwVA,-0.7,1
6KPvid-xI8VfETwmSsN9MA,0.8,5
fwnfz5rVuseF1BHPOA9zOQ,0.7,4
8v7EcsEJoXMV5GNsEZE9Bg,0.9,5
_H7839308kkjFyuDbPJ2xw,0.8,5
LY8_5tPgF6_5-yd_KpveCQ,0.8,5
woxLXSieA_9CFWTWvVGMuQ,0.9,5
jrpGCx57qHrjdqMNoO0CqA,0.8,5
Wl_O3m4LANUB8aJILVBrCQ,0.8,4
CQaumTfKXLhOr1MguxYwGg,0.8,5
r32mNVwtEFVt_WWuYuoThg,0.9,5
o0tOIuT1uJXsiTz1hYW9cA,0.8,4
R28dAx8rT8XJOBcqO8xl0g,0.9,5
7lnbvubnWelE5siSx4QEEg,0.8,5
DkRmleJPxx83geU8o6Ah7w,0.2,3
FzI5ty9OXp2Ve17Xk6js7w,-0.8,1
_Td38eEZK5RMVI24dHVqIg,-0.6,3
dBbBmVGSj0_HYEFmEYExXQ,0.8,5
2xxFOKQpd0XN1nThcirUSA,0.9,5
HfNCwFOfdk_TTVS7Q_Vmgg,0.8,5
Kn1j_v9YxPBMaG8V9na09w,0.9,5
PsyEFrVvW67CAfx6oKyABA,0.9,5
V8flweFbTo8RPwd1qDHKMg,0.7,5
s_0G_qPKEwOZsD7djJNZXg,0.8,5
kxtflDsfCmpgenMzkIgV3Q,-0.8,1
2DH5aXDZd4o4B0MDzfYrXQ,0.8,5
pK8zHorrkcaHLLzD_bbf8A,0.9,5
uzL9_64WWFqg5hrd9Fp7Mw,-0.8,1
VK43z5Yji-teNmOf5Zm0zQ,-0.6,1
TlVa5ULkxrJ_ShNs_K3vOA,0.9,5
QuYOjJDc8sRo4zaM2yZlug,0.8,4
guVgsbwBVn8wAQxwC9l4Hg,1.0,5
Y64MyzaRe-9mOeEsG_PiqQ,1.0,5
7c9p0zuSTEWjOKQAKrkpzQ,0.8,5
TZkFP81q8zVweg5mSKm3rQ,0.9,5
N7Jj0FzOYGcvGQo1pzpLmQ,0.8,4
PckFXgJFui1kKqHfT56J6A,0.9,5
O86b73HcGUfACA-2D8PkDw,0.8,5
NoHB1czNV0sWC-YBjvAVqQ,-0.5,2
1kDp3vJMxb_ArORHQIp9Ww,0.2,3
qd76iPGICmVQr0lD-IX8-w,0.4,3
dc1KG4__lTYp94_xEyAIjw,-0.8,1
G-TNT5l8dTJVlDvpgx1XLQ,0.5,5
qipVaf9CWoFFV9GbjQnHiw,0.8,5
h77mNLojzHNioBIJ34AjYA,0.9,5
7e7zwzoADRaHgMi7wUagBA,-0.8,1
dvUCrz6UiuqFrCkd1c4V1Q,0.8,5
nl0yktnCr7S6vwhyRgfutA,0.8,3
4UIHo8wTHk1XRa8OpnceoQ,0.7,3
kEO0bv50wNJkjnrUVffdaQ,0.8,5
cLrPRvFjz-Z8aibLKyhdew,0.7,3
EOC2x1RDNfd8gpQxu1LpAw,-0.8,1
1HmFSBF49JGr9j1P2oh17w,0.8,5
w_ShP7Sr9Rg7apr5UJJjuA,0.8,5
ppij35b7ufZoKicYsYy78A,0.7,5
IDTxX-0xFIkdMB63sN8Ieg,0.8,5
Z4lIYXyNAPdZxMrVkYVnUg,0.9,5
_upOkEZZnrfw0NZRwQ_p9Q,0.8,5
PKl-ob74XvKTyAabTs0OxQ,-0.8,1
TfmDXzFzuCiRKl32bM1yUQ,-0.8,1
ou4ETWpMFQa6xVF88rPyeA,0.8,5
79EmuP09uoZiqkgb-dAQgQ,0.8,4
_jvQwUNbBhR3ddTvN-Sm1w,0.9,5
ho5ircOOcRelBFgeNNRprg,0.2,3
ueDZYb0gH3uzym-LzuNCOA,0.8,5
wWtfFFwpE1cl8An0Cc0MMQ,0.8,5
Ez3h78EOrkLKictE8sRoqQ,-0.8,1
Io4lEukdQ9q5M0oyBZqgEQ,0.9,5
Iruj3kB16rblmNszDl19jg,0.85,5
U_GcvywxraZe36wx11_UrQ,-0.5,1
h9zyM0MaGWO1ozNBLdb_DQ,0.8,5
xJT799gT7ie0uSUsdQC0Nw,0.8,5
wlgTmR1bQRvdY4wE-NJ92g,0.9,5
QOzgekEO8HhRCsTZgjJxMQ,0.8,4
p1h8jRA4oN-yIl9GL-jctw,0.9,4
Q5jxeuJYy9i0eCEa0C_pHQ,0.99,5
AR8Hu0JiXci6SzaZmtcaGQ,0.8,5
Cg4BCaZj6FbzbkW-ZfOydA,0.8,4
Yo8kDueGgL5CKczauvOd2g,0.3,2
KgJWaVSw0SJWHkkju5dlFg,-0.8,1
AnouvcvGyVLfLradEshcmw,0.5,3
NTIb-2QDdLamLgIxkC_QVA,-0.8,1
KHcEeIN4zzT-LffHH0n2DQ,-0.6,1
0HyglMs0JgXRLx73lwCNeQ,0.8,4
MzUceL6oKhUM9urfe2BQDw,0.3,3
cD1zI91rRLxFUFbpQLuPTg,-0.8,1
oRbQe79PxboW5LuKzeoGyQ,-0.5,1
jl5mL1ngoOcfvBCHEBN7tg,0.99,5
afOsYLdn21aAr5b0B4Z-7Q,0.0,3
mMbpLdENL83MyngGGe4DPw,0.8,5
US9GB0Mi49crDBiChp7ddA,0.7,4
oDhjgXQITYSmiyU2uRViRA,0.8,4
RgOq4f4-mgo5hwr5ZJHeoQ,-0.8,1
b8csQCDEDVwJfeICrFOq1A,0.99,5
ldpdWC5Um4m3D8EsVRkYBg,0.98,5
d5RHq_kY_aKPMpVVPLeKlQ,0.99,5
nT22n_CZJCStyNWMrAcINw,0.98,5
QYg0iloJnMY1dT_O2ZDFww,0.99,5
A6hHAMkyLlx6Ho5C5YYAIw,0.98,5
LU0mavz74uFaRaKBn-bsqw,0.9,5
czt2Csooi9NyKxM6dO3_9A,0.8,5
9ZlrJTxRLH8kest_2N1CgQ,0.8,5
VO2AnOW9ZT-cQTOIeGeWzQ,0.7,5
w_W99A4uu8VtPfetLsXVNg,0.8,5
ntyc7wUQW2yKklAQDH82Cw,0.3,2
7g2M6oybGZ6g0VJp18cg6A,0.8,4
3VDbuozFHCq9twaCXgKJhg,0.3,3
EOkKqyJKk2CxMH62a1qeLg,0.8,3
YMh-7N06ecqpUlGbcT2E2A,0.3,3
AXVe4TPoue1VUJrQR2ZYjg,0.8,4
1pLtp0OfQorrq7lqVqwTHg,0.7,5
SNouFgpn7tSed5rW7HV1bQ,0.8,5
6bp3vxWUeb8LfIE9eXvf-w,0.9,5
sqi_BUREnWe8ThXyOTQCzw,-0.8,2
khyp2V5K7Jyrn0PFfpUMSw,0.8,4
d7Li_681ChhJWqokOluQWg,-0.5,3
B9MP9lb4qdkZCaFnMAT70Q,0.8,5
1DxO_g3LLi5h9-3dUN9JLw,0.8,5
JQ8C6eSa1CcC-PFRaundTQ,0.9,5
L8etcFugc5ZFJPpPaaSvVg,0.9,5
5Eue8g6OfEvG-t_VbEqE0A,0.8,4
0wgvsrhVYo6RGSoHZSDkQQ,0.8,4
GM6YKkHCZVm9oqZaYddbxA,0.7,3
h46LX2k5g3vCMm0Vz5lfrw,0.9,5
CCdizfCeV8pfuu7jYb9DyQ,0.8,5
HLdL-UMlXE0sHzsMKKftZQ,0.8,5
fwIZGQtEwQHx2WVvMI9m0g,0.9,5
QJlYOo5IJ1r7vNtSg-BTBw,-0.8,4
LY4KC1XSNX8NDkQepC-dgw,0.5,4
cYjWnC4blqIoXk44qu948A,0.8,5
yiYh04hdYRg2n1MGQM0Qew,0.9,5
plbzfbACXOfcRDwqDsCVBA,0.8,4
bXxVpOP93i9yvYl4gtYc2g,0.9,5
cwSOTFckklRj1KsVL_P9VQ,0.8,5
DNbi-isZqlXwwQ5zBZNlbQ,0.9,5
IRu33Vq4IPMF-H8_OSVfoQ,0.9,5
GtoiQpZP0GOZFQ8VjRjypQ,0.8,5
tavDmgynYNsl-Slkc5voXQ,0.8,5
Mzfi12laH2lcHlrgj37h-w,0.7,4
qA-0RSgMIUuCdcSyk9VwPQ,-0.5,3
AKQ5exqR9oTfI5IXjjSKnA,0.8,5
56ObEoLjIB3JZJow0HEKMQ,0.8,5
u4_NcVoBvS-xudNX98M_EQ,0.7,4
z__-M47Ny12e9eAYl4OHTg,0.9,5
Z8frBzzjPesLIGvJbToT7Q,0.8,5
mW6JYRVFLAkZouQgtNvdTw,0.9,5
b-pSMWmJdNVh7qnQf3AR4A,0.8,5
P0gv-ERZEhDGUlUr54DehQ,0.8,5
pSe5DPjDRST3o7VK-6b84Q,0.3,3
CB_k6isznFMZ4nz2UK6KXQ,0.9,5
cGS5tXMgyMhb_j9B5N7kOg,0.8,5
EomqGLO5NqSGIFPskzAPKQ,0.9,4
7ktCGdWz0aMiuN6qj2KEgg,0.9,5
89X_PRpOd2WuDV3kkgLcKg,0.9,4
-_WVlCAilKZLGxyjfQtGjQ,0.8,5
L07k_y44neUVCHi9ipygkA,0.9,5
9I9jQmyCaC6RTP8TItLyqA,0.8,5
AqSBBFBfa-DSCUAQhHuECw,0.9,4
OvN0Xz8urKBPj9UkVAilaw,0.9,5
LyNvicV8S9im7HYPmTEmgQ,0.8,5
RvgYWD1WcyeE5LnijiyhKQ,-0.8,1
0oaDpBUejDsg-w9DtxtxRg,0.8,4
lpeZo7JFmaZxwS5sORS8RQ,0.3,4
3KIQ_gn_RQ8Qxhyf73CUUw,-0.8,1
34NvDh7wla18GSfaSu5JMA,0.8,5
N-FF0mhTcjcakl3Rj1rkdg,0.8,4
WDXUgu_9RnLp_Dhhl3Mpiw,0.9,5
kgkZjlfWRY4mtTSE40lnrA,0.9,5
OzDInWlkNGRvHO_P4cm6Pw,1.0,5
EvMsh6Pkgxa90tQcpKdJow,0.8,5
NJtBV-qq3yZxPYLksUpnHg,0.9,5
ZIkrOLy1mcOqXIYVjneaQw,-0.5,1
zQnNc5erdteVuZCFzcMXPA,0.8,5
EmDJfrE1oP_GDv4Uj3zXgw,0.9,5
Yp7ur2huX1qMzRgiZMwqNQ,0.8,5
RKF8NKdjO5wY5tCG0Xiqiw,0.8,3
Zl2Gl_qQupN7P2E1ix8pQg,-0.8,1
B5t40V69RWUKVeGTKTn9KA,-0.5,3
Von7bsb1NouAJyLEzGBexw,-0.8,1
xN6Np3ykpI541ljFriJtbw,0.9,5
-D5fEXa69re8Fz8oDa0Glw,0.8,5
lED5E_uKC9Djx7eRP5VEnA,0.8,5
V8gD-qZQenpjZQq5kaKswQ,0.3,4
h7im4uRWj_k2wLl3W2rOdg,0.8,5
OGU045ddYdlIFdlAE_b-8w,-0.8,1
oSdnd6KMOtyPQyWcyC9zLQ,-0.8,1
7hqvMYWWUP1tmjRl97ThIw,0.0,1
23wErB6lpKvy64KkdBOl1A,-1.0,1
RhyAp51Xk7-Xq-m9X_4z5w,-0.8,1
_czLkecUDjssJ32vjg3m8w,0.8,5
AoUAyMZghO_WXNYHRIfIgQ,-0.8,1
C3K5zA7uKnpUR-XrYKTHkg,-0.8,2
jkdyU15bKw3SX7fFTenELg,-0.7,1
U6hldwXQlyPNbj7EpFZkVg,0.9,5
-_AUyHkLBqV1IAahVGCULg,0.85,5
lyDkIzGHLIG6_X6MD7CFIw,0.2,3
04W111TB2YrjK6r6lpjPXg,0.6,3
buUOMtm7kuU6KZfXRULkCw,0.8,5
zcps1y_ClwqUlP8aPC3wVg,0.2,2
Ff4xOWm2nGQxeiFj_b2lGg,0.8,4
xBO1oGIoa7t9XOuRcvEepw,0.2,1
ofODI6xEgVazDEB0hRrIvg,-0.5,2
LGyKSakoFTH6OFlXB1Vw6w,0.2,3
Xx8QHEOQikmAJ_W9R6otLA,-0.5,1
eDkVCeVJmxd0n0Dk_jt9vg,0.8,5
YJ2LiVWJwcb4OfJlXRm7qg,-0.8,1
FKaM5B4Sc4TeBF1cWSeuhw,-0.7,1
QYlKSQpQT-9j2tJiPZhOjA,0.0,1
PSzGSHoKN_tub-E3xmE0rA,-0.5,2
1PSJh_BM5VVsOGGPoZiEGA,0.2,3
5NyXIQu1By9eo9iXbi3aww,-0.8,1
k53g8r0VyyYdTKli4gYJ2Q,0.8,5
Ztpa1896NzjW9KSESsoyOQ,0.8,5
YwPmTHxO8q6cabAwxxR8QA,0.9,4
5cxsux3tc8dIKAzoPSlRlg,0.8,4
45LO4FGQoIRXUS466ezcug,0.7,4
Bvc0UQktxdh7Wja8_iPJaA,-0.5,2
xwaGW63dXU4UNSkmQKexQw,0.8,4
RaHi1qOz399zSt-fsVLCKg,0.2,3
T42qqZFpjCu0fxviMxqJsw,-0.8,1
Gl5Pnm0t2uiRe5ltnxjYfg,0.8,3
yNR-FnnLkpTV0PUi4TQFPQ,0.9,5
Axqz-S0lnPzc5VdOcw3KCw,0.99,5
phgjKXKRqBz-gQHLXThRag,0.98,5
cnjg8hdQS_dzEN83s-BX8w,0.8,5
mABrzFWNLCJa3lDPZviivQ,0.9,5
X7DjTkJ-1LtMUPGPcjEy5w,0.8,5
IyE8bFZNO-RqZUAxFueUWQ,0.9,4
uvgETpuev2Ue6X6s6hJV5Q,0.99,5
mpXC-01gatIplukWHcWkuw,0.98,5
GaBbPFvTWe3M4y5WQuY5jA,0.8,5
C6H9kMUcOkoe7uxdOvwsvw,0.3,3
Z3uqEa6sZ15GBFxYXcbbew,0.9,5
BEnHgSblAS7C-NHNHQzr1Q,0.8,4
VCAdhyzdFeDIgyvRGaXjCA,0.99,5
Xp4CLwHmGbuPdCvuBc2Lkg,0.98,5
ziLyD9cXtbogf5dG3uzoLw,0.8,3
BCtfpXvYCW9J1GZ_j3mgKQ,0.8,5
WZR9nTTgpbsqeljMXwDOdw,0.9,5
iELX9Z0VfBoTzsq2sCXz-g,0.8,5
KBWMJhPCaSxjlWKAvyNkWw,0.8,5
nQtf3kaWS38G6rIT22gDaQ,0.9,4
hrj42BoflLH7LGDaIgbPSQ,0.2,3
1Q6fPHuFypO_fR-u9uSF2g,0.6,4
cl8fNJViWyUB7o1CBmET4Q,-0.5,1
xE7zrCbji-gf4Qahd1RL0Q,0.8,4
lsEolQNvpBl38fNJ2JJ-JA,-0.5,1
sTZxxCF6X_cjVgoL9oSMqQ,0.5,4
FbLFT1V3thfVCVmAQHkK2w,0.8,5
G6-0A-HzcEXpcB9CEOl_eg,-0.8,1
JdjVwnNWMvdkfOx_osUqWw,-0.5,2
oDwiflwTUwDmcL35tUcCDg,0.8,5
IINo9JCbMonskKx1wNiwiw,-0.5,2
1uoofhPb2Ixk0HAsXQaSVg,-0.8,1
b_NFuJzSt2FD-3DZjAnYLQ,-0.8,1
kqP4VlCB3Sfv9ZX4xYvM_w,-0.6,2
ICJ_hS9HeF3ZNSB3Q-j3AQ,0.8,4
gRbp7PqTYJrZdalYYwK04g,0.9,5
JRzI4pKGvZbSE4CXtTjNIw,-0.8,2
34OHHMTTfGUmUjg-cfJ4Ww,0.8,5
MC77XaZANvjuJmBfj9PCKQ,0.99,5
-Fgqodh0h_QQHFahLnrejg,0.88,5
6-V7d9mB5I-sxnUu7Iecng,0.9,5
ZVzXSrWjtvUwc2Jq3EjT3g,0.8,5
GQ8ZWjJ3ZWzoqQbnOHfA1w,0.8,5
aI6B8aAGyqk1cz7sKqzXAA,0.9,5
n849ylJs3RRAqpkFLhs7Ww,0.99,5
CesUEu7Q_RLmCgrS-HKxEA,0.98,4
wGXoasq1vHnGr0sbrSITcQ,0.8,3
2Kd4H-4QZ-AMizukMbHDkw,0.9,5
nCIjKrIlwGQdcPy4J7INLQ,0.8,5
JDflmZS1uU7XCNXK2FijdA,0.9,5
iuBdpdGmpdfK_6lbjIrgEA,-0.5,1
VunIBhElEn1abpdFJq_hew,0.8,4
XsCafZ9oUHZkNBRSvadtpw,0.8,5
x5MrfHDj8guYOwuyLyqJZg,0.9,5
kALEQlJC8A482uJJWVNmgA,0.8,4
bAQgsZi9aZSN46OpJRDfaw,0.3,4
KiV067Fjs2ssWy8MZ1nuzg,0.9,5
jsTSA8uRCq1S-lsfFzJOlw,-0.5,2
g2bvggCjhWNx-UdG2gCcHQ,0.8,5
wSn47BVFgkM_327AcIufJg,0.9,5
ypUTBmK6oD875YyqrMx7TQ,0.8,3
dy2O4VROAKKnI6BtwfV8AA,0.9,5
y6WbumzR85vgiEGY8Mp_Dw,0.8,4
S9Vc63wcDBDDXzdRBpamKQ,0.9,5
gracn-twu4ILnMwqC4Dliw,0.8,5
5QikNp5y0_BMKVBBvxwFNg,-0.8,1
4bVulBGq6lK42cSfDyW3ew,0.8,5
XmOnP_ZJmPzFdP3F8JJmCA,0.9,4
jwoaa1HhMBkMRuQEj8gw3A,-0.8,1
DqgVHdj5GOu7dCOxJNvFiw,0.8,5
yAeb1t8gEm5cbiScFt9KPQ,-0.5,1
WxXocCOg04WaEQvnSOnKCg,0.8,5
olgwwvfzua2LG01d8NOSGg,0.8,5
sxqeYB_Z3VmXww0WSLfvjQ,-0.5,2
5ls8cLyy90dNHrgaVf8puA,0.8,4
E7rmE7-I7IFDPoJNCxyh8g,-0.8,2
nP8nBukTaBIsms-Tt9kGBg,0.8,4
qFrLrXi66sQHXJbKkMvcdw,0.9,5
LW53Hxdf87gQl00TNN3eiA,0.8,5
49dYpmIvtOuV8fxflT8NuQ,0.7,5
WvWVpanW4kTSBJ64FtUvXA,-0.8,1
VZNb74wxNSlvPPamC8E8rw,-0.7,1
kgesCLG_LG7Tq2opO-UUgw,-0.8,1
ADf52ScWmWWaGRBfmTzjgw,-0.6,1
qvTqQXRx8t7jVVGOnv1dxg,0.99,5
i2H_tL3eUFyBXKImNCpXew,-0.99,1
3xWwKwgq0NigtDVB_ypudQ,0.9,5
iy3aOzT2Spb5clxzq9WgAQ,-0.5,1
L9zNe1ra-cfoSdrtBZ4KSg,-0.8,1
TexzZTyqD76neIzLiRgiIg,-0.6,1
EYsjiX2kHcR7GcrHrzdNGA,-0.8,1
r5KMsAzitpWmtZV23v18Cw,-0.6,2
hhCRPSxLSv3_5xozREMBcQ,-0.8,1
KI1hBuoKZ2gZ-mkb7-BcTg,-0.6,1
OZIQUOi1yVpuXeT3hhz4DQ,0.8,5
obr8uMhr1X30d9AptaOZRQ,-0.8,1
UFtklImqUwIsLDRti-IC3A,1.0,5
6PT37bTxkLXg5vwrWs7S5g,-1.0,1
KfUGHyxSpQqm7vYReYVlHg,-0.8,1
cf4AfxPZ2Q6g0VIOfRW7Hw,-0.9,1
TD62nIuGP3TEPQiYMp0U4w,0.5,5
d-ihxVPhdtxeYI07y8JUOg,-0.8,1
Cj88IfjgdOXWYwMRH6El6w,-0.8,1
ee4egzcPYcboZiwUCMwYMA,-0.9,1
MZwPwGvWF-NecBzYavUgww,0.8,4
amkvMlfxK5lPzV7gMj5Lfw,0.7,5
Mih_AQSQGkcWpizvnKD0-w,0.9,5
uix_BSwHBOl0LCny3AJXVw,0.8,5
kKmFyPmJINMk-GdWXyCkqQ,0.9,5
8TduvPfsiNLFA6yIDsGx9g,-0.8,1
A6C0LRF3xHxPB7nwpOCDlA,0.8,3
owMGf7g6pU7KJWtK58Pwwg,0.7,4
UqoaSZa2TzZYXUXpi5AkUQ,0.8,5
Pk0FChRLsMCG5ZK-fWztLA,0.9,5
BmTDeoyra_LEmJdHGzaC8Q,0.8,4
ZLbXGm_8CHOb23IbhMo74w,0.8,4
7KCdDnlyKDSnZWxdNd7DUA,0.99,5
ztF8OVIILrLWd5GuNxyRzQ,0.98,5
ZZqCXgErvcDGin3bdvzmgw,-0.5,1
c3UrOXXrrUumB7UlyU7F2g,0.8,5
6iD5JkBdCfxHwk9vhEAkfA,0.9,5
nF3DiIKgaouvynPXawYrTA,0.7,4
fk81K2RJKqqMiohQ9bNN8Q,0.5,4
jgzaZnVPExjw7SbVSvRdYA,0.8,5
hiehnF9hUNAyhVcXlnVNvA,0.8,5
wD2z3fRX4ySlt2rF6JBJFA,-0.5,3
fepsr0YYxTE2crvuN9PMWw,0.9,5
pyy3P7PJp3uqowW60bfknA,-0.8,1
1W5X63kNCTLgavIFt_esNw,-0.8,1
KK0Ge0dQORYXoL_nhyiH6w,0.8,4
mGpfEVjNN3FMF6qxLTI0CQ,0.9,5
AEGgG-KSua6hyBNeHB_6uA,0.8,5
YChLoip_91yQd3f9IBC0Yg,0.9,5
F3o1VfRTV5Mf-gZpgRVm3w,0.8,5
mkDPMNo1t3YkEBWE14WFig,1.0,5
4QRe_tzAmEg9ZpUKY0YXFQ,0.9,5
xBPXq9ivukyYe7ek-I9uQg,0.99,5
jM9PDvfgI0rS52ccqMuDUw,0.98,5
7jroH6tvm6ht61Bqslq3vg,-0.5,1
fWWbogYpjKkBTdi1QjRR2g,0.5,5
B1IcFt849aAae1Dx0QY24Q,0.8,5
NUBtkB04m67ER9sAX9TqnQ,0.7,3
XL2434h6jzFPFZB7dfN1yQ,0.8,5
J5gQxJzkviXhEgl25nTGFQ,0.9,4
_30PiUWj61a_JYNp503d9g,0.9,5
XGpzUaNkOZzWo8oy1xxfBQ,-0.8,3
Xf4U3aN9wWQDSnWImTb11Q,0.9,5
9OcTQTvm89DWuBVbkQDvvQ,0.7,4
QHkYOUtKGsXi9k58knYi9g,0.8,5
BheQHOBHKVuz1gOZbv7_Vw,0.3,3
B9yB8NO4l6UH5lMv6sM72A,0.8,5
qHTuIW39K3S8QslUknpsOw,0.9,5
VyOVFUmswKoSQgBVNcfkFw,0.8,4
EGOAK9OO7ZKSJJx9MWop8g,0.9,5
JQ0F4FyjKm4DC6T1H6Y8MQ,0.8,5
P1JB9L0A_pZBncPc2_iv9A,0.3,4
Bv6aIid1TnpY7-GUgCY63A,0.8,4
H39lDF4FjLTdbDHlpB9Txw,0.9,4
5Ric_eKTe7ZdLD6epzFZaw,0.8,4
_DV5ERmBAwWoS-ZpA1yHRw,0.7,5
sI3D4VHYhsQEoLE2y5F37Q,0.99,5
Qo3ElRfVxsBbg_ws7j1YPg,0.98,5
Uz9R6Dz8FUyudriDQPs3Rg,0.9,5
0MkT1UTgYFqnZuTCgUFOkA,0.9,5
ge-CvTm_FO7BMJXjnU-rmA,0.9,5
MvJDh_FJ9cfYX7tWsebzww,0.8,5
Npsukwbrfwc-0YIIi6-vRQ,0.2,3
1f33JFNEVSAtbfVEYTnzrg,0.5,4
NXnKz2r_AFxMnyIaZQ-c3A,0.8,5
usJ3a9h2ShqnDDa1aYOQUw,-0.8,1
4bYZ4F99CvCbSgUBIEOAzQ,0.8,5
w1Uj2K0O3w0anu4C3GnBYg,0.7,5
VLVXTiqszngMrAArN_a_SA,0.9,5
LFDedkU9V6wPDO9eCvZaAw,0.8,4
XuR922G15JiSVW50vlBYwg,0.8,4
YF-eZegVkvf-VQUx3pwO5Q,-0.8,3
AmMk5PICqcjDHS5bWTzfBQ,0.9,5
7s7BwCxn1xjn_m-86t0FwQ,0.8,5
VxO8apU48knoOsyiIVQr7A,1.0,5
y1kXFSU_XSyQIaJWAa1a3A,0.0,5
_6Io5h7XCATKyjewzrfi0A,-0.5,2
c_3LAaohns2FNJ_jF5Pmuw,0.8,5
FiUPB0_7NLOOffan-U3J9A,-0.5,3
Uz6PUhPZ0-Mo2Vyx76FI0Q,0.8,5
KhTO8I6ny_9y6e8IZ31pZA,-0.8,1
GA_EgH5YOL30DX6dz5WuYQ,0.8,5
1B7QcYn2DjM8MkOD35jfAA,0.8,1
_OegFxUocfC1rsVJoPv0YQ,0.7,5
c4rJko2A4U_5WeDtAxjWng,0.9,5
pZ4jdD8MHQf4eocpnc2elw,0.9,5
KsBSytMG6Yb4o0QHzzVDfw,0.8,4
heoA2d9EevDvN3f7vNcQOw,0.8,3
BtlPWAtf4Ftdnjh87vJ_hg,-0.5,3
2I3Mj22QO6c83vX-1XyCKg,0.8,5
xmIsWVpj9G91yl59mMyPEw,-0.8,1
N7NouDQ9C_vq-xpYPyIANA,0.0,3
L4o68Kxducc9gqikDhXjNg,-0.5,2
XD_1w3KtpbYS9MLZsR87Fw,-0.8,1
Xjo_39tadz7TxtFSx5Biug,0.8,5
Jrmdtj9UZ4NqLGXAU6mCZQ,0.7,4
fyVqtKJExWSgL5opaf9_DQ,0.8,5
nqM5X4stqfUl8e88BkjNcw,0.9,4
SnGWwCHMGRvT00OzIocbQg,0.99,5
Gwb2BhC0YoP6ve1UNiYgKg,-0.99,1
51_XK7Mm1m8GsdsL4zpmEg,-0.9,1
4zuqb1xMmn3RUIlmlRwwXQ,0.8,5
y0NE6fYTkXNQAjmf3evthA,0.8,5
PN6gPR2EwD1lYGIBymn50A,0.7,5
QK0HtnejDX8DHHBYCf_R6g,-0.5,2
YHUWwC5qIw3tKQRLsXqWmA,0.8,5
ePjQzoaopDxnjhYcmrVlIg,-0.8,1
4zFRZlCbyc-FNmyfOuFS3g,-0.6,1
skErzoBqe6d1mSzfa2h92Q,-0.5,1
LlniC_-J21vw5QR8DD54nQ,-0.8,3
SOGPPi67rw7Y0jiXSyGiyg,0.8,5
TwuWxupINCSe4xuSxFThRw,-0.8,1
AFHRKYkNkSLt2phNUZDAYw,-0.8,2
9wrLSEdntmhbMNtAXQnKTw,-0.6,1
KdmCi5u0JGlH00JK5t4spA,-0.5,1
RpF01F5zXiadySliowAtow,0.8,5
GaZq2nj4dJomKl2_ffT88A,0.9,5
6-CGuvn9NvT-SBJxtmeX3Q,0.8,5
pR75s-63sKXLo-mIJnkdeA,0.8,4
FwMNLWukt75aa0sMyMdM7Q,0.3,3
xrW2rBSJ3T9mzM4AIAT1Dg,0.8,4
vYxEeAX5PiC4HXx_ywF75g,-0.6,3
l1pX9LlHo8IcfROtQ7xjKQ,0.8,5
cZUnXShbBQmAiyCF9Z8Sng,0.9,5
2p6yIvN4cwXxI71KVjK5rw,0.99,5
OJkVVVsIgoGl9pR8lLUXdQ,0.98,5
E15BsSJ-AjVrJIxxN8wJvw,0.9,5
SOtsx5Byyc3YG2QDuZp9dg,0.8,5
_kX5B6yD05cCLtyzPU-LQw,0.8,5
glTxEM5idRxJYFUT0f5IJg,0.9,5
6XErqZMooNMVTYkl-aw8_A,-0.8,1
UfsNuw95vvsM0xidIce4UA,0.8,5
QD1C324oQDW6gx9lzeUvcQ,0.8,5
yGZdy6XIrO_oWJHmQPbXNA,0.9,5
rdUFBkwiGEDqshoQ2TbHFA,-0.8,1
kzdMsS1rKstZqrf9tP-9VQ,-0.5,1
sCRaFSlq4W57Vv8dsb9FEw,-0.8,1
QAGeyRAA95vYtiYNf3W_hQ,-0.7,1
85FTa56d7NjWAUrlM_Oy0g,0.9,5
bTBvauuWcNlpxtri-B9NGg,0.8,5
-uKcCcMxYlfSgx6PjHfxyg,0.8,5
Y0PcxgGIjomqxKnY5x3L2A,0.9,3
Vhi7iWSxLp_9M_AILCXyqA,0.7,4
XsZ3G2ZjmAUjj5P-NjXnTA,-0.8,1
Kc7_OhdHqPsVOXIcoAX92Q,-0.5,1
d3hW7r7m9JnAHNIuxNExVQ,-0.8,1
MIGPKHBfVQMxLy6xhfh2Ww,0.8,5
OSLx1Zt2JgmkKSk0-wTcuw,0.9,5
3e9hRh9R-Rz-hP9lUu0UKA,0.8,4
p45uo1vNc42YqAPHTn_u1w,-0.8,1
cu9oq_13R3_70sHc_ObE9A,-0.8,2
08lirQGxKd2NcHtVkoA6Ew,-0.6,1
aJbg4zsCd97UzsrVk5YHNA,0.8,5
0QP-OLIjlXUk_ivWwyVFKQ,0.3,3
MQGJUVleTIZiNyMf_UyA8g,-0.8,1
ChUtxDHuaxrOteN8GCAF8g,-0.6,1
ZGY26qe1eFt5EIQgabTmWQ,0.8,5
ReTEz8DAo4_vhax4lsutFA,-0.8,3
1CD0YT2k61GHTKyZr7wdVA,-0.5,1
ydNS0S7PGkCLsc1QnI8BzQ,0.8,5
TK0gMv6chXXbxCj5ylg0tg,0.9,5
m8wHjK2xk9tVuiBJSHKx2w,0.8,5
fqr3kGHVNVeNKTpQ1RV-iQ,0.99,5
HNfpSvaLvDyn_nMIKqbUIQ,0.98,5
h1E0XtZ7xQ0ViOj8YVZBMw,-0.8,1
mVLRmZenUAhtXZ-eYmRyIg,0.8,5
JxSarMPXPPH2NqZBYfsS2w,0.8,5
aQ0QuSgtz5zfHSEA_ji57Q,0.7,5
zTuJ7h-bpx5p-0Rxvnfucw,0.8,5
kVBe8dKX57OA4xFUJZ5FzA,0.9,5
Q5LUzoRR8rjEHpIsX-JnvQ,-0.5,1
9XVCh9-_QqZDYSJG0DFf3g,0.8,4
jssGBezzGJlk5lH3Tsgfdg,0.3,3
JAPa_YpL548KtgPsDpOB7A,0.8,5
gWcV2Gh4SzOfi4rsf0AX2A,0.9,5
b7Sg3jB49dbdnf_0DpP8eg,0.9,5
Xhrd4Y9xhwbjx4juyfE5ww,-0.5,3
nxxGjhQXA4lrZbla50uKzw,0.8,5
NIy8q1Ko_i7hs7QzKUYp0w,0.8,4
h20g63YGnb0sKPqinWJsag,0.9,5
JBNtPENJsKnsDjke39SgZg,0.0,3
oJ-BTUZG8mjFuElzeUEU3Q,0.8,5
VVykxkWdNnMprcFHaXZoug,0.8,5
NE-6y4LeXDT-rpKp6r_e0Q,-0.8,1
3jk_zm_ybPQ4kJQ0LyErlQ,-0.5,4
-1JTM3G8nQFlcBaWJ8Egfg,0.8,4
JEJ4OAD947-hE-ICZdXN3A,0.8,4
bcEtL2VAyLWWF_ZTY-huqg,0.3,4
x0UxlPt_YFYfvgoEUdEcbA,0.8,5
TgcczaHxTfrL0r1v2Eq46g,-0.8,1
wz3zZcJXgiGTYHSTW7VSeA,1.0,5
pWKlcWLvlt7iUaE0fTt-gQ,1.0,5
16uxDgl1QcPrJfrmTtMKhA,0.9,4
iwBUNT0gZmSMu8ygYQbqUA,0.95,5
oZL85wLAKEmO3k99GVD4aw,-0.8,1
ME2Wud8YqYAoCujS5tGh6g,0.9,5
s2P9XlU73RysEICRdIq73g,0.8,5
DnPrnAyob3VJvQK0qW29Ng,-0.8,1
dW84T1zfb3hkIk9kO8t4Ng,-0.5,3
3yZlwgKsQpow5CGftlIddA,-0.8,1
sYEqP8AWVYtpRrUDMg00iQ,0.8,5
eE17R_Qbu2XkD5NJ2lmZZg,0.9,5
Ai3mF50OWH4u_WAHU5foRA,-0.8,2
o5dHNfeQ5q61cRa9aNQX5A,0.8,5
6LJJK29grHQ5_yp8sZ42VQ,0.8,5
eeIqt7yJ3GBM1n2uC_myKQ,0.9,5
2IBeBeHfq_OC9y_tt4MGEg,0.8,4
q_oF_WPWQaMsO9FU-CBaxQ,-0.8,1
nPITWAKqVnwktZu3my4Oug,0.8,4
VVzH0Vt8Qbnl1FnuohYGag,0.9,5
tgiUX8Z-i3aeNfLqAwUBBQ,-0.8,1
_7hey02MCDFDH32sy5bKIw,-0.6,1
wJ9h2jnB2m7ERaLNvZmXQQ,0.8,5
oqsMzX87MHEIb4W8aHlK1w,-0.6,1
uC7Tl6pr9xO3T2RyivmU8g,0.99,5
APp9raEnOKk9FkE383GN5g,0.0,1
Jktm18g-rapiqtH5t7s_BA,0.8,5
KRaAoysADsyvn8CqDhDiuQ,-0.8,1
vrlprpd_jiMmOe0naSOdnA,-0.8,1
nejWEV1fYKe6Eb1ecebu9A,0.5,3
K-eylOItpbElnVOoTYL-Ow,0.8,5
-27or8KpMG8Iq9sPO0Tq2Q,0.3,3
8JAWnZAiX8YfXW2hK93U1w,0.8,5
3pHmW7xHKO6JA-rbA6fMKQ,0.9,5
o_oTLfSrfym-r7FdaWSzow,0.9,5
NsIfeFznya3Yxjk5dALpPg,0.9,5
8CT3xy72joXD9FROlzyqEQ,0.9,5
WUjEaf1KwwFUawk8f0NFHQ,0.8,5
VypQ5VZvwlDp1v7Nt7nszQ,0.8,5
JlPWRJzkHJ5qZnaFumxD_A,0.9,5
Rn8hSsdNuIM2us-v7bPUPQ,0.8,5
ElTYjWlXL-6EdJIJcxIQmQ,0.9,5
tEDszwFITkvB13oWwVk0jg,0.9,5
m9FVZ6DhL20cVjBFABwLbg,0.8,5
I8rw7zUAH5Q3pHFEaiXpDA,0.8,5
RfQNoc2Br6b_jvHDsui6nQ,0.9,5
mWlSJbseBuKj82_F4XF5IA,0.8,5
bt5Emh5JmkpK4nX1bGfLVQ,0.9,5
_yGL4rbi7qgGmyUglybisA,0.8,4
v63Yd1bldsCNplvXpKCDhQ,0.9,5
vfx0yt3bmPcREiWazVx_2g,0.8,5
wVy55oJuTbRmTvcfhJ38lw,-0.8,1
Zm2QOQMjosx9phwRIcepLg,0.8,4
rMPtGyDSq-c0ha-HNnnwlw,0.9,5
yhe3ldDoSzkSxuWYq9eh6w,0.9,5
d_9Ktv4I9nI0XLzcLiALEg,0.8,5
cylujf5d73ypUBwHY9bWdg,0.8,4
VBPRyU0plegoEWPuMCHL7A,0.9,5
heUXXj8CznDXPXxLiFsZiw,0.8,4
OZt1zR8OpwCpE4TFIVt3bA,0.7,4
I5B2iRpe11fyIZH9d5jiVw,0.9,5
eRv2MxcI7Z-K9fQfkCQuPg,-0.5,1
WoCs8f0qP1I5i8d31049vQ,0.8,5
QNjz9mrEIwsp-EbfxSAXSQ,-0.8,1
dsF28RKUPEzgL2pnkPmJWA,0.8,5
BiRnoLutnxGCNSIJa8OSzQ,0.9,4
yh8eSVkEGgDN7jJnWrEcYA,0.8,5
49QcOQ5xG7zfsmEFv4cJBA,0.9,5
kZAVinNyFB9xmTXXdmBU-A,0.8,5
VMv6A7PwGf_DNmy1xjTjqA,-0.8,1
ypqMQ022svngTQ9b7CSn4Q,-0.8,1
-JzotmMQy6_yYgUIblkVHg,-0.8,1
JyzXpbdz8bGbyk-WJvFNog,-0.8,1
ht_unoBQz_3q-zHhMETD3A,0.8,5
SuDIuoLgo9RFC5kkUaFuEw,0.9,5
alkil8FWoYni-o5eNQyF2w,0.9,5
9Ufy6Cg4b6sRmFYeZd2M_g,0.8,5
A10BtoJep5ESolKKTIWHuQ,0.9,5
ZE-ssWY9vEO0ekhrPUEb8g,-0.8,3
B9weOifiiLx9Q06rJHdBBw,-0.5,2
qnVGNGv6u_MudeBm7uPGVQ,0.8,5
hTvFEtOZSMKbQ357nDPu8Q,0.7,5
fiw5TM7pm2eTf0b0bxdK8w,0.9,5
UdF-mZed6Q4RyShqHaNlCA,0.8,4
ux9bFIqRvqpjLm6ergXT_w,0.9,4
A4Ls894fbQKNzEl5Z6eyUA,0.8,5
FMHZoNHsxF7nERG0cH4C_w,0.8,4
ktD8_AiqmhYlYfVkN46IyQ,0.7,4
bKRYYaA5-0lBkQA7zZfUyQ,0.8,4
3EkcsWYMdvEy2yajxIYObQ,0.3,4
BgCWMyBSUGicCIm9fH3nng,0.7,3
vjJ0i4Pcf4gdsIUaZrX8cg,0.8,4
CDqMsh7wi3ncpdwJpfvEgg,-0.5,1
5nmSUDyjPJqgBp6khtEFhg,-0.8,2
-zixQUNfG4oeszifsOkdJw,0.8,4
EeTOHmnx8Lp83a5Pc1LC-A,0.9,5
qJr2Tpv15ABV1xDi4dM8Jg,-0.3,4
56Tk5yJNNbm0TAxMJc5Y2w,0.8,5
Bi8w6-tR1mNpdZ6WOCfEPA,0.8,5
K8x9mrOe3opHb2zcsvTu4Q,0.3,3
4UHBy6lsZeMjq0L1fo-hVw,0.8,4
K3q2Drz7TGjhlFSom-0ytA,0.9,5
_s37R8YfvEPxZPadX6FnNQ,0.8,5
vcJDH47_SbhRBGq_b0PKWg,0.7,5
ih-17gZrMgaA7GFLJAjTGw,0.8,5
noiLDPYBYCh0o2FssoJLFA,-0.8,2
qvOMVBwg20sAoVTvvmCEkQ,0.8,5
s-0uBKLV5SP1yq0nlfturA,0.9,5
fxMo6oYlcY9eGb0rkgjbGA,0.8,5
W61xrf9VhQe-cxUA6lMgTg,0.9,5
uXPo54fFEO2rBwleUK8cyA,0.2,4
t18m6QmTIdRDRG3HyJV_dw,-0.8,1
QLQWl-wru3jt_9YD-wRyXg,-0.8,2
KDEyaPkiwFJE8wb0Fs2YZA,0.8,4
CWYMYVJXEw96L76HRffyww,-0.5,3
hwJ4fd-HwQ6eqOdrM_2Ukg,0.8,5
vOAs8zT_wGRSv0Eb4Md4vw,0.99,5
k0g9CEwYkiYcjjZBPY8JEw,0.98,5
LOJ0jhlDYPJ6_Ph94t4N3w,0.99,5
a-Tgt7efPufU9k8cxcELrQ,0.98,5
KNFa7zAimDfOOHsgxSxoOQ,0.9,5
LK29tZTliO7_wf7c19rWdA,0.8,5
OSRw1rruvrVsVHZrkKaYeA,0.9,5
iR0Sc6zXrvXQ8KD-M7EcJg,0.9,5
ldUD319lscQTV8-ohQS-qA,0.8,5
JWHgWRpEVNfKSyZwc193rQ,1.0,5
ESKXeqTTjZu2uz3duvasSA,0.8,5
UC9pXpP1C71KnfZqoVucLQ,0.8,5
Rchyr-geo-oZbrkYZGHw2g,0.9,5
woHI_szLsZqZFgn-Va0zdQ,0.8,4
n90FHRnLDnpYfdKZQTzGdA,-0.8,1
AtUDUeOCty-dPH2_CpphcA,0.8,5
4Z2pvXQT9Ht6FOmqwyGnrA,0.8,4
UExKVR6ICGS2D_zuS0gMnA,0.8,5
3kI1uGPUEecjyC6Sg7V0Ig,0.0,5
_CVw5HgiVCxfFFDbJK0J-A,0.8,5
ZJvFbY5THGuS1QdTB4EnYA,-0.5,2
gnoeG_ZMXBLVJncojKocBA,0.8,4
BlcW77CzWy782eB_0WMHtw,-0.5,1
t_2BWUxL_d0LUZwsH1Sweg,0.8,4
h5KKdwErzcZlX7oZFSLelw,0.8,4
2EQsZEY2FccbA-zI7gv2yg,0.9,5
0H4wAFQHHpIGzqs_VWxlPA,0.8,4
cFLI9sC2w1btf7oUzdn6lA,0.9,4
GTlFZNEvkdT2tGodrTECvQ,0.8,5
oLreGiHNjEw-tAuxVviYlg,-0.6,2
rM5N7T_ro8uCTEctzqa4aQ,0.8,4
YC2Vv9rM6JszxWk8bWhgKA,-0.5,1
OiiictceWD1y0Y6JP0rDog,0.9,5
rWqKASaR6_z-QR92Jv3Qkg,0.8,4
AMRGSicotefRGT6O7M275w,0.8,5
xvo34r_-Qy6UL2ZN4t57jA,-0.6,3
JJvQTAlZnXfEdiTHhUPrHw,0.9,5
EdZ4PIMZRb2io-rT5aCj_g,0.8,4
SgwJ7tNKWZ_1Pymx3RIdVQ,0.8,5
vPwOcJ4_xbg5ncQ9JXiyXg,0.7,4
mYDvr2XI8yTyEiYIX1lARQ,0.99,5
O347Fvji1vSGvtzLpIFXBg,0.98,5
xFCTCBg1wv4R-sex2jBMIw,0.8,5
ivzNjsBdW0Rnc-vAQHHqZQ,-0.8,3
_sArT3sEvZNfQgbmWdDpPQ,0.8,5
WrdvrcrSSNfbJvw-R_eX-w,-0.8,1
5V9zzlGNavkf3f5WzlTN-g,0.8,5
mO51-J1BpoKQCOLLqVNXYg,0.3,3
slEERZiXlYl7H3zq8d_YBg,0.7,3
0BNXJzsg8OZvXN_w4GsZCg,0.3,3
z27M-uyVM9SGjd7bZIYAEA,-0.5,2
uIRM0BkGJR0vVSWqitVT5w,0.8,5
wrQlJ2EIZi7H-hnz8lQOLQ,-0.8,1
YP6SPurcVY7ib0lIsTQpTA,0.8,5
kXMMfvYVbjkdo4wkR2EyUg,-0.8,1
5JyIE_bAXdnrAQ9IBx4UaQ,0.8,5
rmbfn2JrGDDweqOctHIwdA,0.8,4
SAQQ963L5Js4wVgTyLXmcw,0.3,3
09_hyohkv07-I0hNrIrxGg,-0.5,2
o-3zGabw-kSl8Rxfy7t2gg,0.0,4
-kf_I1b-8bxECtbiDui-Nw,0.8,5
cG6BhoLXqXJDX2oGKHKyUA,0.2,1
2KPilz8sokerGt7yCZZmbw,0.8,5
-GFNeHS04Dh41JhmmpXjCw,0.3,4
PCkbbl5RAPTI_bssz-afWw,-0.8,1
GdJfrrSSxqKLNAxpYAqcgA,-0.6,2
omtCtBLM1jL0hF8JVwa-4Q,-0.5,4
E7VBJkTzQw7GcXAWmeXWYg,0.1,3
3IVsPNKZ3WhHZL_PcsdduQ,-0.5,1
uvuOvrRdXue9jO_OqVEfHw,0.8,5
UMCOlLLBcBQbnRoWjanjvg,0.8,5
7PXwK5tWHaIOLF54m2oIeQ,0.7,5
uh8AS9v6yUEw2LqBfgKXxA,0.8,5
PpPibLC_Un9Qt3Gr0c55RQ,0.9,5
YSmpwEzzz4aVKG9y03LtmA,-0.8,1
nAN1XdqxxO7Jv9oZVcV0Yg,0.3,3
A4wqWNzkX9q0Lwjfm0vXIQ,-0.8,1
EO4hxHhYrO2ZYeUMN2FFrA,0.8,5
8ZvYo3hFkALw0l7wBNb1Lg,-0.8,2
6L5Ku_CrtxgONGiO4cHLmQ,0.8,5
_7svfnTJe6xV0d95kSr1kw,0.8,5
FyQ1hxLyaeoWWa3NFx4D1w,0.9,5
yqkSQjl17_E_VgJxXvr_cg,0.8,3
fK8Q-CzQzLa7uovJSla3DQ,0.7,4
iDjlhs0avh8Qto_PoXVJxA,0.9,5
a4F-lBA9ZD0QeLY1AdfKMg,-0.8,1
uzWzfmLRngF-4ssyDbSzBQ,0.9,5
RdrtEXnMUUrfAMQy-BOEIw,0.8,5
bxeu2y0S7nBdLnfZpO9d3Q,0.8,5
hHBsQtzhF2mMhiyH78POaQ,0.9,4
Y010YJFNWM5QT5fKuP9KqA,0.8,5
3rlHssIaIBp3AL8xdIeNDA,0.9,5
aDnOV6WbM3VLd0l2x4_gMg,0.9,5
ofsnINP-8dPiBxXTiTQEgA,0.8,5
rzVqf675SN9dz-hYha4vFw,0.9,5
EGGu8bUg8epewylDofF7YQ,-0.8,1
DadH1yId6vfednDjCyp1vQ,0.8,4
le1Wf9x4tQiKPDAg9HG-Kw,0.9,5
WHgB__q91o2qjw-GXBTMug,0.99,5
iNRVtUpqxjJXQD-Rvc6-rw,0.98,5
JKV0s3I3Yl_-eeVCa_NitQ,0.8,5
W7YEFadBg45GoJ3-Cyrsgg,0.7,5
4dPJjpZtdCQCnZ_evgiY5A,0.8,5
y5IVmRjwuaGPV154992DIQ,0.3,1
h5XGGcfQt2tzwqN8ySgQIA,-0.5,1
EAAKnjZx7n6pBbOoTEu2UQ,0.8,5
goFK0xPrrr9Y3LGxm_35Yw,-0.8,2
5uoLworjW_CrljM5jrl6fw,0.8,5
d7NYGrpEkyNaaSAClS3FNA,-0.8,3
-1QM7FpZ1hZxZYy_c6bpJg,-1.0,1
--QiqBhLkAXbjwSF1ah5cQ,0.8,4
8dwJk-v_zIt-Uz-wTyFUjQ,0.9,5
4WNeDExMGvpQAc1CZrh4cw,0.8,4
u_tYV-AObKjV9XC9M4Wd8w,0.3,2
GK2Y_bT1Dqqumvor6j2FOw,0.8,4
BG6dWq87peHq_ZYckSWGgg,0.8,4
BwxJlOc3E9yuynPIaM9sOw,-0.8,1
6F83Ok1nbTnnBUxgbasZcQ,0.8,5
xtekBhgpzneaUdOuNPmGUA,0.8,4
gTCdLHAoA5WF-u5KYJ8L7Q,0.7,5
Nrt5nL38nw0ittWk72RvYA,0.9,5
3P-vDf6QTAifU-j2UIRGqQ,0.85,5
m4DGkzn4GGSnnpakHuVyPg,0.9,5
v92cT_jCC4e89nbWxE-sNw,-0.8,1
qNPijbPcgRHsRvOrk_sFOg,-0.8,1
f_VeJE_5r-Q8Cn-zf7ScZg,0.6,4
hED8Kl0EmUGqQ79iaHv5_g,-0.9,1
fBNWMriy3Cu_4weWRe-R6w,-0.8,4
EkgnH1Vbcjs4GkJRyOxkVg,0.8,4
xWaSUMPU6a9lAUc22V_Mnw,0.6,5
gnNLekglbqW2RY2OefOJ3g,0.8,5
ii3C0oh3v-QWJQlsVmxBbQ,0.4,4
z3gNl1XL6mk1h69OqBzYFg,-0.7,2
nwxUYJML31OdKsqQxALO5A,0.6,4
KMQnW-943RMYg_cku1YAFA,0.95,5
hA1-e8JbaJwo43UhArTKsA,0.85,4
nIpe-kyNwhcUI0Ku2TGaSQ,0.8,5
QPIgDHqcN1yqlEukEdlspw,-0.5,3
ALfY2oEviLzw3suFJk5T2g,-0.8,1
MpVQHU9hzTEk_G70207irw,-0.4,3
hkrB6rzDpEM_KwxodTr1KQ,0.8,5
Kki_A97YVIxHv31lZeIhaw,-0.7,2
9WCLNkAwaDSiWpEsmyfwnQ,0.9,5
FFlaeZCOnq69G9F0-xRzHA,0.85,4
x53cP0T6qLzAjJX00d32eA,0.8,5
FFQKbsw1KF8XBDGfQpFHRg,-0.9,1
VU4St9HzSJms0zm7I3J4Uw,-0.6,2
nC-oC_5hBe969YoGLkAmvA,0.9,5
lAijVZOPL8XOtP42nTTGbQ,0.6,4
HuVR0EiTpNehic-NMqadAw,0.2,4
19ENaRgbwlmoA42ELTzPow,0.1,4
Oiw_YGTJGVdVvJVbyyYPHg,-0.8,1
c7XjOWgHHuDCWRC0pL4-Gw,0.3,5
kijHq50QOi7kYmyjgdBVFw,0.9,5
nOzloVm-3GzAMvcuNAIXIw,-0.7,5
-HNrVuUjraXBcPZUBQZOZw,0.8,5
O0Ghe1Slhc2w00hSCLWZ-w,0.8,5
lX8104ZV-YnBtMt_drpYbw,0.9,5
pkk1KPRA-rmZM5HN1Gn1Ig,0.95,5
Uea5-4OF4eJ8pLoAf5C-tg,0.9,5
LkTpaaNCIBjWOWqhkqOudQ,0.4,1
_YRLCrbpFSq7St49WOXWeQ,-0.8,1
Quv9bS701blvt5Z6loS00g,0.8,5
EGOQEwYZUK-NqZoMSzkhNg,-0.7,1
ND5scuufBWkiJqUsL4tVrQ,0.9,5
cMFRDOuJimZBNq0y7c_NZQ,0.85,5
YWUWGtEQ63SBo7iZVXQPJw,0.6,2
eMUp5HrfQywGYQzplDbolA,0.9,5
NOU9Hg3owbkYS-R1hNFjwQ,0.9,5
3oyIVFxaaf5D9kMXK5yvWA,0.8,5
8bqh93oMfZekaTn5BMpKmQ,-0.7,2
rMnQCdpFHdv3fBJw6r8WRQ,-0.8,2
1cxvRYgrbeKbOvEy1qrvBg,-0.85,1
FQ6uDCFkqzHTPc351wwdoQ,0.6,3
cwphkOddyVQotGqmzVfrIQ,0.8,5
yfuHj2MKlYqAPI-0N0alUA,-0.6,1
-nHMv3IJ5djQ_T6Q7Wk8Ow,-0.9,1
ubh0SYFWrTFZOYYmJa8VKA,-0.3,2
h1fupSTirEzCrawO6qiseg,0.6,4
4NHD8a-iNiceevnm8U9rjw,-0.8,2
oNFFtUJx-Xe_udFfq692KA,0.6,3
CcW01xV_gZZ-_JFIWJE01A,0.7,4
bKavUuSoYemLEInkMKsN8g,0.8,5
JbOj7zTS25LTgZy6uJWUTw,0.85,5
vEtOEgl0AitMAFrLTboHoQ,0.6,4
cMSYizbpt8L47BTltAqVSg,0.7,4
o-kS3AqoiyflihCyY2yLOw,0.8,5
ItcjmO9kh1sAGclhf02Dew,-0.6,1
s6jwi4m9owmi5xCZRK2kcQ,0.8,5
h0yjM5K6-PzJ2nZmHbUVtw,0.7,5
oegbCDJFAi-NT9Oko2dPXw,0.8,5
J9Dhgesojmeuc3ii-idoFg,0.9,5
Xf3bPbM4FH2NGMxwFCz8qQ,-0.8,1
Nvjn8O64wxG7TzAsTpUu9w,0.6,4
857bpL6G91dwdFZpxiv6eA,0.0,3
GLxCyPISCBmWcD8fYdK7GQ,-0.8,1
aRcuOPeUZUSGj_tQvmRVcQ,0.9,5
iBg6XGrH7fCftBGKSIIp0Q,0.85,5
2GYuAL2DP5Hl4ryLbBrGWA,0.1,4
gWBz1tqsTH15G08-LHRhZw,0.6,4
t4b_EZtdvgkB0QfdxKQF9g,0.8,5
-Xy-jAhgSAaj1iIwUZlqnA,-0.9,1
HTUcwSDEiTVVIQL-Fwz6kw,0.7,4
YmPt9kw4vOPEbIKoYkc8LQ,-0.5,3
AoMI2st6yKtE5684wNPdAA,0.8,5
DMSSnt4IlcHbNsAhqdDaPg,-0.9,1
S3JrW7ZEF065lKI4WOv2gg,0.8,4
yZa3ffBWf3HWahcdOy4FhA,0.4,4
WnfuxIsoFz--meRsBpx-JQ,0.8,5
9nXwtBG4NgiCmbm9vpWWfg,-0.7,1
aUyFl7Rh1S0qy_oKw5q8Eg,-0.8,2
bz1psjyCoUiVwL0p-kJH2A,0.0,4
sYOZHHz2XF1mlEjreWjZnQ,0.6,4
9uDvgtRiVi9La8W3oav27Q,0.9,5
YQyEJ3GDrZmhTJedMHQ1FA,0.8,5
tyqdWk6_u3C_i97S4tWf6g,0.85,5
-efUtULhtUkxOggulpbTyg,0.6,4
Er79_WXA-SgMzHjetsmL2w,0.8,5
QgifEuE7H6_SyM85Mfgxng,0.9,5
D0Nvyn-q_8ac1QjZAxqZag,-0.8,2
dgmGzJCwXnRyAhIGDQFXCQ,-0.9,1
7D4TTviiRUapAYQDUkrQJA,-0.85,1
R_5K0Vab4A5wFblNWYKL2w,-0.8,1
jl0gQGfbzN3Q0JiEE5GGJQ,0.9,4
TBEbQ_OF6TBjGaL265ontw,0.8,4
sNjLJyp9gauZ5gZK2a2YoQ,0.7,5
M2f8YQrPklV9bxTVk5HfNg,-0.4,3
GYh3-rc5yIyWnLG_yIvzfw,-0.9,1
k65nqTo1ientpG30o-8SVw,0.8,5
DpG-dY54ipv8ekWe9_oSsg,0.95,5
Av4P73T5UtUNRK1CMTjGgA,0.95,5
Y5G1qQjcbGN-bJPFGx2RzA,0.92,5
xTXtv9nib6QY7_OFHkuUPw,0.9,5
hvs5EwgqJt6QsZ4OaBBajw,0.6,5
aHXxL0dBOBEn9AT60ml0qg,0.8,4
kH14Qh0mrMB1zdtXBk3LTA,0.9,5
OE83tpsbT-kkp8gNBgEAOw,0.8,5
ygaLBC2gro0bE2nmnKR0mg,0.85,5
AvDsAOqN6NJo3qhZdSCu0Q,-0.7,1
8prLT4U3XsUU_B8aicfatg,-0.4,2
NvA9ML-s-fOnz-AWXilT9g,0.1,4
P_I2ZQs7oMeRnpB90LZCEg,0.8,5
8ytzZqAtfFHbZCwP9APdWQ,-0.7,2
9fhSTWNA2G3p_aehwZBzXQ,0.8,5
Xbla5XyWjoGV29CY261G2g,0.8,4
peYEVBQzctnDtGsEG24ETg,-0.6,1
1ouvRKBVGCW3nQeY_JME-w,-0.6,3
Oc4ScBhlFSaYHUp9uHfK7A,-0.5,2
8QisBTXe7mRbV0z3b7pEnQ,0.9,5
gTJ6wVSd-xOLkSOtCrYMeg,0.8,5
12VNlLK8TvWexkJ0xva2BA,0.8,5
tIqz8wGEZacc_NhpUv3HUQ,0.9,5
qOjt3sLRupE39heTs0Arhg,0.8,5
BLSt2iqkltLMPVW92W3hkg,0.7,4
K0nfDI-VyI7ujeXcI2f7Yg,0.9,5
aOR97C7yntTRmxqyPT321A,0.7,5
2Kk38curzk5dXbp8VqvykQ,0.85,5
wXWx1UOIiQg_bArHGB3trA,0.75,5
tFjynT12rqhxLL8rSQV5yA,0.6,3
Te_dhb2j_YTBtL7_W3EAHw,0.8,5
hA1HaH8dvY-d8oHESiIMBA,-0.8,1
uKztBO5G5eyFBYlhENSy8A,-0.4,5
9yzR5yO1P-0sA32sefmyZA,-0.8,1
xL52rONMNncUUOTm-P6KLg,0.9,5
aI6cjY2ja8Us7S8XINFTLg,0.8,5
EJoaIRbknC3WRlZ_JA8gEw,0.95,4
0jct4w5g4SltkVz9FM1M7A,-0.9,1
74-i4yWCf_YyfBMMO8jLjg,0.7,3
1xm2rPQIA4WxGD29nIM0jw,-0.85,1
tA7f69ZiMANpZa5LhSXyJg,-0.8,1
_F25In6uAoLlVqts18cNKQ,0.8,5
27ieROvC1nslra4V4d_4Fg,-0.9,1
F2lsjQntsYB1VdwbnHtbQA,-0.9,1
LgbTmEPYAiR8fxTI_GI0dw,-0.95,1
xQtwcHnguKs2BddRIfvCpg,0.6,4
DbFhZ3VyQSjJHELeXEWsAw,0.9,4
8fKhmlYwoMQ5Jifog-VgpA,0.8,5
iJNW2mb2FAO6VlBSPMD8iw,0.6,4
vQQm8t-KUU8wj9H7jceCOQ,-0.8,2
A0kqBkEdtiDU9KnmfS5n_g,-0.9,1
6NoLt2UBBmLP_DdWz_uODg,0.9,5
ZUzQg5I6dYnacmSuRIR3PA,0.4,4
9TaoXcSd1dCPZ0Em8VUwlQ,0.85,5
hn7RM1BHL4xz7qXK3yYXgg,0.88,5
pzc25z8AD8Q0cOqywBbkrQ,0.8,5
jrMm9bV3PLnzbLi0jB_G2Q,-0.7,2
3R0czq7sc0i_ZTwV7E3m7w,-0.8,1
3BfAgH44L0TY_TKr1-TMbQ,-0.9,1
xljuRCWANm-aSuAVQT3gEA,-0.8,1
mJD92IVqlKEhT341hs78cg,-0.5,3
F3AW8PfZSyRrhbj_P8k1nQ,-0.9,1
fgAlSUAgwKaqye3qoLikUA,0.8,3
lBtGqHGYn9ZOC-fxuvrBmA,0.85,4
Jwhpd0DYlP3NGWc14UKCgg,0.75,5
9z-lcpmwOuEdwcW8VakO6g,0.8,5
ETKEQce40H31pU9c8nPxdA,0.9,5
HIOhvoRXFtGvPughmZg-CQ,0.95,5
D5Sw8gep7JbBZ24MPb6X1g,0.97,5
X-QHhOmcAz-4YJsp2PN64A,0.95,5
XFa7fSkLz-GzYXO47FhvcA,0.97,5
otn-8HjhMuTSVagWSYLy8A,0.85,5
zqxTqhPfZILSq_Dy0wezHw,-0.7,3
oRMwbmZcp9N0yqTsOatrmA,0.8,5
6ts8xohcfPYMVosJcwY5Pw,-0.3,4
AQ_96v_L7XZUsdgBe-K8FA,0.4,3
isxaF0zyE0CWwuIC5C1SHw,0.9,5
PFGp_9CsyR2PkG0f8db7Vw,0.7,5
xmzFcT9cAf6Y3Ad2W6HRjg,0.8,4
wmvTVtlIofiuTRVGAYk2Og,0.8,5
wlyO7opMYhP0mVsxoTfaiQ,0.0,3
Ab8K4-gcqZ0WaDBboQiDZg,0.8,5
9DMiU_jLZ7jm5x4nSIo7MA,-0.9,1
0G6Imeh4zFRBzEYIQLM3QQ,-0.8,1
_umHoZljA4zmq7ppofGTaQ,-0.7,1
GLfEOIMLlJCHkae7RaPS8A,0.9,5
8yEwZ2RUihhDs78MZfK1mQ,0.85,4
8Exd_6R-oGjMSWx8fXNiog,0.9,5
-DoxUm_Y3vOw5g_Vn0mAuw,0.85,4
mWljzLzJtsyOXjTVYCdKZw,0.9,5
rTthN0puNYT3X4CkLaNhcg,0.8,4
a-q5zj2s08LUwxvX10u66g,-0.8,2
hU3tj_7bAzQexJcy7gUVnw,0.0,3
GbjxMobyEFkxjDYhPr2ZYA,-0.8,1
fXeVV2eU_CGh-7iLeNKGLw,0.6,4
-n6alFOlI8mk9_JgdTI7uA,0.9,5
7qZtHI7tNaf5tJ2-SEwdNQ,0.5,4
1-UYoqEfADfBoxV0H-8W4Q,-0.4,2
isHEf-U2ghrWk8lVInlNAQ,-0.7,1
hnpiamlH66abXYanlYXbaw,0.8,5
w8Ayz4Xb3T9lGpun0OUMCw,0.6,4
dd1kmWJmn3j-fBv9n1Q8xA,0.6,4
0YtxBwUUFyFIItkZN-jwuA,0.9,5
w0pK6bM5e7OV44iZqym1ig,0.6,5
0xvt1A1R7N5qmu1ofmDMxA,0.7,5
ZJUjKTDWrFugLqI3Gv4waA,-0.8,2
t1F69-lrdxPQ-CMUotIBlA,-0.4,2
TwsN38RWWCy9jMBDv7iQ5Q,-0.8,1
6rqYwd6quJWBGpp2v_OfTQ,0.6,4
kOSm7aGSukkDFQm6-m4TNg,0.5,3
cK1pHvqwifdOlJfUd2AxyQ,-0.8,1
jrbl2VeWCKC2Wl0cNz_hSA,0.85,5
KTQkgrO6TBCoPqUc6UAklA,0.4,4
FvW7EPuN8rGJhVYalhrrWQ,0.95,5
LGcftrKYYI0GpujwMETPBA,0.97,5
ZbEvC2F2f1mFZQP9OCJ5aw,0.8,5
D1DZDOkOKNYLjGC1CwJfjg,0.7,5
4UGNirDjw904DtJA66Q5Rw,0.7,4
UyVD_GOXfdsaopqOMaRpIA,0.9,5
o7BKu-lNFVggon0ovXnQPQ,0.8,5
su3G4PjN_EcMV33c3h3bMw,-0.7,2
ItbuHkSKfUORzeh_onJxbw,0.8,5
0TFOkRv9riYKnEOUDv-PDw,-0.7,1
1uRAOzAfpI9qwzfY2Op7Mg,0.8,4
DMJ5cmMQ5uUXWdu2f_92ew,0.75,5
SNX04Hz2qXG7WQLUScBrig,0.85,5
VHrFwcP6VOJZXPHL5uRSAA,0.75,5
dg-0crtwsaIaCmXIbCQUqA,0.8,5
MkOh9fLx4WT577ch88rojA,0.9,5
FomuH3X0WotxQvnFIH7hFQ,0.9,5
gO3ZKx8VMvzc73Gf06xaCQ,0.95,5
uZxNWPrf6OHbQB7dFYHA9g,0.8,5
qVO_zNxAH8tArxUCiaHXCA,-0.7,2
1mto0yLKkt-pjXsqxuDCTA,0.8,5
o9e5dpq6X_w3IzpS4286Aw,-0.9,1
4Z9J4RV9SgAv-1r0OX-eDw,-0.75,2
5JdvF-EJfAZvKHWoCl35dQ,-0.85,1
-uwI2fCTwmzrhyEX9nYc1A,0.7,5
rYqQQKr0G5qnpgRmiNPODQ,0.6,4
gnvPIAGdU82eWc04bpf3Aw,0.8,5
rAqERyFT9tu2xh3Jfdsg3A,0.9,5
KMCuhcaW5cuv0ibnvYKLOQ,0.8,5
6DdXNFLiE7Lqu_W15_NuuA,0.6,5
ZV9fKIYdV2K95nxsDRyhDw,0.9,5
u9m-dsIWgtEUGrfL2NC8rg,0.85,5
Sn4OsxBv5ePYitKRk9X9nA,0.8,4
DdQHQuMMj9I1_X5QQaOgCQ,-0.7,1
HsHW41PlWTCzwXli8MfKpQ,0.8,4
dLtOrK4froxbLPsZiDlUqg,0.9,5
q2FiKl2MWjN9RhnLSv9cKA,0.8,5
axGAFKlc8R31yUbDqvemhw,-0.4,3
3LqI5jBm4UMXMgjm0db8bA,0.85,5
-DZcMnDKcjOrZb-G6I4eZg,0.88,5
gfxTXeqhIZWOcYKWs13WdA,0.9,5
0njsWMA5h30BbQG3se5zmQ,0.8,5
X8HSPJ5vmubLhD6-Eas86g,-0.6,1
0flt-6fh68bPNxab3mdYgQ,0.8,5
uUEdlqtEzD4PLvI8OaF_3w,0.9,5
93ElcPmnqS1DY-m5CO3fwg,0.8,5
TYXaoQ2hWuTbusI5HVzFuQ,0.8,5
